ordre,statut,date,motif,format,fichier,url_image,url_page
13,a_programmer,2026-10-04T08:00,bases-yang-mut-h4,cellule,bases-yang-mut-h4.png,https://anibal-amiot.com/assets/motifs-pinterest/encre-creme/cellule/bases-yang-mut-h4.png,https://anibal-amiot.com/motifs/bases-yang-mut-h4.html
14,a_programmer,2026-10-04T11:00,bases-yang-mut-h4,pavage-2x3-decale,bases-yang-mut-h4.png,https://anibal-amiot.com/assets/motifs-pinterest/encre-creme/pavage-2x3-decale/bases-yang-mut-h4.png,https://anibal-amiot.com/motifs/bases-yang-mut-h4.html
15,a_programmer,2026-10-04T14:00,bases-yang-mut-h5,cellule,bases-yang-mut-h5.png,https://anibal-amiot.com/assets/motifs-pinterest/encre-creme/cellule/bases-yang-mut-h5.png,https://anibal-amiot.com/motifs/bases-yang-mut-h5.html
16,a_programmer,2026-10-04T17:00,bases-yang-mut-h5,pavage-2x3-decale,bases-yang-mut-h5.png,https://anibal-amiot.com/assets/motifs-pinterest/encre-creme/pavage-2x3-decale/bases-yang-mut-h5.png,https://anibal-amiot.com/motifs/bases-yang-mut-h5.html
17,a_programmer,2026-10-05T08:00,bases-yang-mut-h6,cellule,bases-yang-mut-h6.png,https://anibal-amiot.com/assets/motifs-pinterest/encre-creme/cellule/bases-yang-mut-h6.png,https://anibal-amiot.com/motifs/bases-yang-mut-h6.html
18,a_programmer,2026-10-05T11:00,bases-yang-mut-h6,pavage-2x3-decale,bases-yang-mut-h6.png,https://anibal-amiot.com/assets/motifs-pinterest/encre-creme/pavage-2x3-decale/bases-yang-mut-h6.png,https://anibal-amiot.com/motifs/bases-yang-mut-h6.html
19,a_programmer,2026-10-05T14:00,bases-yang-mut-h7,cellule,bases-yang-mut-h7.png,https://anibal-amiot.com/assets/motifs-pinterest/encre-creme/cellule/bases-yang-mut-h7.png,https://anibal-amiot.com/motifs/bases-yang-mut-h7.html
20,a_programmer,2026-10-05T17:00,bases-yang-mut-h7,pavage-2x3-decale,bases-yang-mut-h7.png,https://anibal-amiot.com/assets/motifs-pinterest/encre-creme/pavage-2x3-decale/bases-yang-mut-h7.png,https://anibal-amiot.com/motifs/bases-yang-mut-h7.html
21,a_programmer,2026-10-06T08:00,bases-yang-mut-h8,cellule,bases-yang-mut-h8.png,https://anibal-amiot.com/assets/motifs-pinterest/encre-creme/cellule/bases-yang-mut-h8.png,https://anibal-amiot.com/motifs/bases-yang-mut-h8.html
22,a_programmer,2026-10-06T11:00,bases-yang-mut-h8,pavage-2x3-decale,bases-yang-mut-h8.png,https://anibal-amiot.com/assets/motifs-pinterest/encre-creme/pavage-2x3-decale/bases-yang-mut-h8.png,https://anibal-amiot.com/motifs/bases-yang-mut-h8.html
23,a_programmer,2026-10-06T14:00,bases-yang-mut-h9,cellule,bases-yang-mut-h9.png,https://anibal-amiot.com/assets/motifs-pinterest/encre-creme/cellule/bases-yang-mut-h9.png,https://anibal-amiot.com/motifs/bases-yang-mut-h9.html
24,a_programmer,2026-10-06T17:00,bases-yang-mut-h9,pavage-2x3-decale,bases-yang-mut-h9.png,https://anibal-amiot.com/assets/motifs-pinterest/encre-creme/pavage-2x3-decale/bases-yang-mut-h9.png,https://anibal-amiot.com/motifs/bases-yang-mut-h9.html
25,a_programmer,2026-10-07T08:00,bases-yang-mut-h10,cellule,bases-yang-mut-h10.png,https://anibal-amiot.com/assets/motifs-pinterest/encre-creme/cellule/bases-yang-mut-h10.png,https://anibal-amiot.com/motifs/bases-yang-mut-h10.html
26,a_programmer,2026-10-07T11:00,bases-yang-mut-h10,pavage-2x3-decale,bases-yang-mut-h10.png,https://anibal-amiot.com/assets/motifs-pinterest/encre-creme/pavage-2x3-decale/bases-yang-mut-h10.png,https://anibal-amiot.com/motifs/bases-yang-mut-h10.html
27,a_programmer,2026-10-07T14:00,bases-yang-mut-h11,cellule,bases-yang-mut-h11.png,https://anibal-amiot.com/assets/motifs-pinterest/encre-creme/cellule/bases-yang-mut-h11.png,https://anibal-amiot.com/motifs/bases-yang-mut-h11.html
28,a_programmer,2026-10-07T17:00,bases-yang-mut-h11,pavage-2x3-decale,bases-yang-mut-h11.png,https://anibal-amiot.com/assets/motifs-pinterest/encre-creme/pavage-2x3-decale/bases-yang-mut-h11.png,https://anibal-amiot.com/motifs/bases-yang-mut-h11.html
29,a_programmer,2026-10-08T08:00,bases-yang-mut-h12,cellule,bases-yang-mut-h12.png,https://anibal-amiot.com/assets/motifs-pinterest/encre-creme/cellule/bases-yang-mut-h12.png,https://anibal-amiot.com/motifs/bases-yang-mut-h12.html
30,a_programmer,2026-10-08T11:00,bases-yang-mut-h12,pavage-2x3-decale,bases-yang-mut-h12.png,https://anibal-amiot.com/assets/motifs-pinterest/encre-creme/pavage-2x3-decale/bases-yang-mut-h12.png,https://anibal-amiot.com/motifs/bases-yang-mut-h12.html
31,a_programmer,2026-10-08T14:00,bases-yang-mut-h13,cellule,bases-yang-mut-h13.png,https://anibal-amiot.com/assets/motifs-pinterest/encre-creme/cellule/bases-yang-mut-h13.png,https://anibal-amiot.com/motifs/bases-yang-mut-h13.html
32,a_programmer,2026-10-08T17:00,bases-yang-mut-h13,pavage-2x3-decale,bases-yang-mut-h13.png,https://anibal-amiot.com/assets/motifs-pinterest/encre-creme/pavage-2x3-decale/bases-yang-mut-h13.png,https://anibal-amiot.com/motifs/bases-yang-mut-h13.html
33,a_programmer,2026-10-09T08:00,bases-yang-mut-h14,cellule,bases-yang-mut-h14.png,https://anibal-amiot.com/assets/motifs-pinterest/encre-creme/cellule/bases-yang-mut-h14.png,https://anibal-amiot.com/motifs/bases-yang-mut-h14.html
34,a_programmer,2026-10-09T11:00,bases-yang-mut-h14,pavage-2x3-decale,bases-yang-mut-h14.png,https://anibal-amiot.com/assets/motifs-pinterest/encre-creme/pavage-2x3-decale/bases-yang-mut-h14.png,https://anibal-amiot.com/motifs/bases-yang-mut-h14.html
35,a_programmer,2026-10-09T14:00,bases-yang-mut-h15,cellule,bases-yang-mut-h15.png,https://anibal-amiot.com/assets/motifs-pinterest/encre-creme/cellule/bases-yang-mut-h15.png,https://anibal-amiot.com/motifs/bases-yang-mut-h15.html
36,a_programmer,2026-10-09T17:00,bases-yang-mut-h15,pavage-2x3-decale,bases-yang-mut-h15.png,https://anibal-amiot.com/assets/motifs-pinterest/encre-creme/pavage-2x3-decale/bases-yang-mut-h15.png,https://anibal-amiot.com/motifs/bases-yang-mut-h15.html
37,a_programmer,2026-10-10T08:00,bases-yang-mut-h16,cellule,bases-yang-mut-h16.png,https://anibal-amiot.com/assets/motifs-pinterest/encre-creme/cellule/bases-yang-mut-h16.png,https://anibal-amiot.com/motifs/bases-yang-mut-h16.html
38,a_programmer,2026-10-10T11:00,bases-yang-mut-h16,pavage-2x3-decale,bases-yang-mut-h16.png,https://anibal-amiot.com/assets/motifs-pinterest/encre-creme/pavage-2x3-decale/bases-yang-mut-h16.png,https://anibal-amiot.com/motifs/bases-yang-mut-h16.html
39,a_programmer,2026-10-10T14:00,bases-yang-mut-h17,cellule,bases-yang-mut-h17.png,https://anibal-amiot.com/assets/motifs-pinterest/encre-creme/cellule/bases-yang-mut-h17.png,https://anibal-amiot.com/motifs/bases-yang-mut-h17.html
40,a_programmer,2026-10-10T17:00,bases-yang-mut-h17,pavage-2x3-decale,bases-yang-mut-h17.png,https://anibal-amiot.com/assets/motifs-pinterest/encre-creme/pavage-2x3-decale/bases-yang-mut-h17.png,https://anibal-amiot.com/motifs/bases-yang-mut-h17.html
41,a_programmer,2026-10-11T08:00,bases-yang-mut-h18,cellule,bases-yang-mut-h18.png,https://anibal-amiot.com/assets/motifs-pinterest/encre-creme/cellule/bases-yang-mut-h18.png,https://anibal-amiot.com/motifs/bases-yang-mut-h18.html
42,a_programmer,2026-10-11T11:00,bases-yang-mut-h18,pavage-2x3-decale,bases-yang-mut-h18.png,https://anibal-amiot.com/assets/motifs-pinterest/encre-creme/pavage-2x3-decale/bases-yang-mut-h18.png,https://anibal-amiot.com/motifs/bases-yang-mut-h18.html
43,a_programmer,2026-10-11T14:00,bases-yang-mut-h19,cellule,bases-yang-mut-h19.png,https://anibal-amiot.com/assets/motifs-pinterest/encre-creme/cellule/bases-yang-mut-h19.png,https://anibal-amiot.com/motifs/bases-yang-mut-h19.html
44,a_programmer,2026-10-11T17:00,bases-yang-mut-h19,pavage-2x3-decale,bases-yang-mut-h19.png,https://anibal-amiot.com/assets/motifs-pinterest/encre-creme/pavage-2x3-decale/bases-yang-mut-h19.png,https://anibal-amiot.com/motifs/bases-yang-mut-h19.html
45,a_programmer,2026-10-12T08:00,bases-yang-mut-h20,cellule,bases-yang-mut-h20.png,https://anibal-amiot.com/assets/motifs-pinterest/encre-creme/cellule/bases-yang-mut-h20.png,https://anibal-amiot.com/motifs/bases-yang-mut-h20.html
46,a_programmer,2026-10-12T11:00,bases-yang-mut-h20,pavage-2x3-decale,bases-yang-mut-h20.png,https://anibal-amiot.com/assets/motifs-pinterest/encre-creme/pavage-2x3-decale/bases-yang-mut-h20.png,https://anibal-amiot.com/motifs/bases-yang-mut-h20.html
47,a_programmer,2026-10-12T14:00,bases-yang-mut-h21,cellule,bases-yang-mut-h21.png,https://anibal-amiot.com/assets/motifs-pinterest/encre-creme/cellule/bases-yang-mut-h21.png,https://anibal-amiot.com/motifs/bases-yang-mut-h21.html
48,a_programmer,2026-10-12T17:00,bases-yang-mut-h21,pavage-2x3-decale,bases-yang-mut-h21.png,https://anibal-amiot.com/assets/motifs-pinterest/encre-creme/pavage-2x3-decale/bases-yang-mut-h21.png,https://anibal-amiot.com/motifs/bases-yang-mut-h21.html
49,a_programmer,2026-10-13T08:00,bases-yang-mut-h22,cellule,bases-yang-mut-h22.png,https://anibal-amiot.com/assets/motifs-pinterest/encre-creme/cellule/bases-yang-mut-h22.png,https://anibal-amiot.com/motifs/bases-yang-mut-h22.html
50,a_programmer,2026-10-13T11:00,bases-yang-mut-h22,pavage-2x3-decale,bases-yang-mut-h22.png,https://anibal-amiot.com/assets/motifs-pinterest/encre-creme/pavage-2x3-decale/bases-yang-mut-h22.png,https://anibal-amiot.com/motifs/bases-yang-mut-h22.html
51,a_programmer,2026-10-13T14:00,bases-yang-mut-h23,cellule,bases-yang-mut-h23.png,https://anibal-amiot.com/assets/motifs-pinterest/encre-creme/cellule/bases-yang-mut-h23.png,https://anibal-amiot.com/motifs/bases-yang-mut-h23.html
52,a_programmer,2026-10-13T17:00,bases-yang-mut-h23,pavage-2x3-decale,bases-yang-mut-h23.png,https://anibal-amiot.com/assets/motifs-pinterest/encre-creme/pavage-2x3-decale/bases-yang-mut-h23.png,https://anibal-amiot.com/motifs/bases-yang-mut-h23.html
53,a_programmer,2026-10-14T08:00,bases-yang-mut-h24,cellule,bases-yang-mut-h24.png,https://anibal-amiot.com/assets/motifs-pinterest/encre-creme/cellule/bases-yang-mut-h24.png,https://anibal-amiot.com/motifs/bases-yang-mut-h24.html
54,a_programmer,2026-10-14T11:00,bases-yang-mut-h24,pavage-2x3-decale,bases-yang-mut-h24.png,https://anibal-amiot.com/assets/motifs-pinterest/encre-creme/pavage-2x3-decale/bases-yang-mut-h24.png,https://anibal-amiot.com/motifs/bases-yang-mut-h24.html
55,a_programmer,2026-10-14T14:00,bases-yang-mut-h25,cellule,bases-yang-mut-h25.png,https://anibal-amiot.com/assets/motifs-pinterest/encre-creme/cellule/bases-yang-mut-h25.png,https://anibal-amiot.com/motifs/bases-yang-mut-h25.html
56,a_programmer,2026-10-14T17:00,bases-yang-mut-h25,pavage-2x3-decale,bases-yang-mut-h25.png,https://anibal-amiot.com/assets/motifs-pinterest/encre-creme/pavage-2x3-decale/bases-yang-mut-h25.png,https://anibal-amiot.com/motifs/bases-yang-mut-h25.html
57,a_programmer,2026-10-15T08:00,bases-yang-mut-h26,cellule,bases-yang-mut-h26.png,https://anibal-amiot.com/assets/motifs-pinterest/encre-creme/cellule/bases-yang-mut-h26.png,https://anibal-amiot.com/motifs/bases-yang-mut-h26.html
58,a_programmer,2026-10-15T11:00,bases-yang-mut-h26,pavage-2x3-decale,bases-yang-mut-h26.png,https://anibal-amiot.com/assets/motifs-pinterest/encre-creme/pavage-2x3-decale/bases-yang-mut-h26.png,https://anibal-amiot.com/motifs/bases-yang-mut-h26.html
59,a_programmer,2026-10-15T14:00,bases-yang-mut-h27,cellule,bases-yang-mut-h27.png,https://anibal-amiot.com/assets/motifs-pinterest/encre-creme/cellule/bases-yang-mut-h27.png,https://anibal-amiot.com/motifs/bases-yang-mut-h27.html
60,a_programmer,2026-10-15T17:00,bases-yang-mut-h27,pavage-2x3-decale,bases-yang-mut-h27.png,https://anibal-amiot.com/assets/motifs-pinterest/encre-creme/pavage-2x3-decale/bases-yang-mut-h27.png,https://anibal-amiot.com/motifs/bases-yang-mut-h27.html
61,a_programmer,2026-10-16T08:00,bases-yang-mut-h28,cellule,bases-yang-mut-h28.png,https://anibal-amiot.com/assets/motifs-pinterest/encre-creme/cellule/bases-yang-mut-h28.png,https://anibal-amiot.com/motifs/bases-yang-mut-h28.html
62,a_programmer,2026-10-16T11:00,bases-yang-mut-h28,pavage-2x3-decale,bases-yang-mut-h28.png,https://anibal-amiot.com/assets/motifs-pinterest/encre-creme/pavage-2x3-decale/bases-yang-mut-h28.png,https://anibal-amiot.com/motifs/bases-yang-mut-h28.html
63,a_programmer,2026-10-16T14:00,bases-yang-mut-h29,cellule,bases-yang-mut-h29.png,https://anibal-amiot.com/assets/motifs-pinterest/encre-creme/cellule/bases-yang-mut-h29.png,https://anibal-amiot.com/motifs/bases-yang-mut-h29.html
64,a_programmer,2026-10-16T17:00,bases-yang-mut-h29,pavage-2x3-decale,bases-yang-mut-h29.png,https://anibal-amiot.com/assets/motifs-pinterest/encre-creme/pavage-2x3-decale/bases-yang-mut-h29.png,https://anibal-amiot.com/motifs/bases-yang-mut-h29.html
65,a_programmer,2026-10-17T08:00,bases-yang-mut-h30,cellule,bases-yang-mut-h30.png,https://anibal-amiot.com/assets/motifs-pinterest/encre-creme/cellule/bases-yang-mut-h30.png,https://anibal-amiot.com/motifs/bases-yang-mut-h30.html
66,a_programmer,2026-10-17T11:00,bases-yang-mut-h30,pavage-2x3-decale,bases-yang-mut-h30.png,https://anibal-amiot.com/assets/motifs-pinterest/encre-creme/pavage-2x3-decale/bases-yang-mut-h30.png,https://anibal-amiot.com/motifs/bases-yang-mut-h30.html
67,a_programmer,2026-10-17T14:00,bases-yang-mut-h31,cellule,bases-yang-mut-h31.png,https://anibal-amiot.com/assets/motifs-pinterest/encre-creme/cellule/bases-yang-mut-h31.png,https://anibal-amiot.com/motifs/bases-yang-mut-h31.html
68,a_programmer,2026-10-17T17:00,bases-yang-mut-h31,pavage-2x3-decale,bases-yang-mut-h31.png,https://anibal-amiot.com/assets/motifs-pinterest/encre-creme/pavage-2x3-decale/bases-yang-mut-h31.png,https://anibal-amiot.com/motifs/bases-yang-mut-h31.html
69,a_programmer,2026-10-18T08:00,bases-yang-h2,cellule,bases-yang-h2.png,https://anibal-amiot.com/assets/motifs-pinterest/encre-creme/cellule/bases-yang-h2.png,https://anibal-amiot.com/motifs/bases-yang-h2.html
70,a_programmer,2026-10-18T11:00,bases-yang-h2,pavage-2x3-decale,bases-yang-h2.png,https://anibal-amiot.com/assets/motifs-pinterest/encre-creme/pavage-2x3-decale/bases-yang-h2.png,https://anibal-amiot.com/motifs/bases-yang-h2.html
71,a_programmer,2026-10-18T14:00,bases-yang-h3,cellule,bases-yang-h3.png,https://anibal-amiot.com/assets/motifs-pinterest/encre-creme/cellule/bases-yang-h3.png,https://anibal-amiot.com/motifs/bases-yang-h3.html
72,a_programmer,2026-10-18T17:00,bases-yang-h3,pavage-2x3-decale,bases-yang-h3.png,https://anibal-amiot.com/assets/motifs-pinterest/encre-creme/pavage-2x3-decale/bases-yang-h3.png,https://anibal-amiot.com/motifs/bases-yang-h3.html
73,a_programmer,2026-10-19T08:00,bases-yang-h4,cellule,bases-yang-h4.png,https://anibal-amiot.com/assets/motifs-pinterest/encre-creme/cellule/bases-yang-h4.png,https://anibal-amiot.com/motifs/bases-yang-h4.html
74,a_programmer,2026-10-19T11:00,bases-yang-h4,pavage-2x3-decale,bases-yang-h4.png,https://anibal-amiot.com/assets/motifs-pinterest/encre-creme/pavage-2x3-decale/bases-yang-h4.png,https://anibal-amiot.com/motifs/bases-yang-h4.html
75,a_programmer,2026-10-19T14:00,bases-yang-h5,cellule,bases-yang-h5.png,https://anibal-amiot.com/assets/motifs-pinterest/encre-creme/cellule/bases-yang-h5.png,https://anibal-amiot.com/motifs/bases-yang-h5.html
76,a_programmer,2026-10-19T17:00,bases-yang-h5,pavage-2x3-decale,bases-yang-h5.png,https://anibal-amiot.com/assets/motifs-pinterest/encre-creme/pavage-2x3-decale/bases-yang-h5.png,https://anibal-amiot.com/motifs/bases-yang-h5.html
77,a_programmer,2026-10-20T08:00,bases-yang-h6,cellule,bases-yang-h6.png,https://anibal-amiot.com/assets/motifs-pinterest/encre-creme/cellule/bases-yang-h6.png,https://anibal-amiot.com/motifs/bases-yang-h6.html
78,a_programmer,2026-10-20T11:00,bases-yang-h6,pavage-2x3-decale,bases-yang-h6.png,https://anibal-amiot.com/assets/motifs-pinterest/encre-creme/pavage-2x3-decale/bases-yang-h6.png,https://anibal-amiot.com/motifs/bases-yang-h6.html
79,a_programmer,2026-10-20T14:00,bases-yang-h7,cellule,bases-yang-h7.png,https://anibal-amiot.com/assets/motifs-pinterest/encre-creme/cellule/bases-yang-h7.png,https://anibal-amiot.com/motifs/bases-yang-h7.html
80,a_programmer,2026-10-20T17:00,bases-yang-h7,pavage-2x3-decale,bases-yang-h7.png,https://anibal-amiot.com/assets/motifs-pinterest/encre-creme/pavage-2x3-decale/bases-yang-h7.png,https://anibal-amiot.com/motifs/bases-yang-h7.html
81,a_programmer,2026-10-21T08:00,bases-yang-h8,cellule,bases-yang-h8.png,https://anibal-amiot.com/assets/motifs-pinterest/encre-creme/cellule/bases-yang-h8.png,https://anibal-amiot.com/motifs/bases-yang-h8.html
82,a_programmer,2026-10-21T11:00,bases-yang-h8,pavage-2x3-decale,bases-yang-h8.png,https://anibal-amiot.com/assets/motifs-pinterest/encre-creme/pavage-2x3-decale/bases-yang-h8.png,https://anibal-amiot.com/motifs/bases-yang-h8.html
83,a_programmer,2026-10-21T14:00,bases-yang-h9,cellule,bases-yang-h9.png,https://anibal-amiot.com/assets/motifs-pinterest/encre-creme/cellule/bases-yang-h9.png,https://anibal-amiot.com/motifs/bases-yang-h9.html
84,a_programmer,2026-10-21T17:00,bases-yang-h9,pavage-2x3-decale,bases-yang-h9.png,https://anibal-amiot.com/assets/motifs-pinterest/encre-creme/pavage-2x3-decale/bases-yang-h9.png,https://anibal-amiot.com/motifs/bases-yang-h9.html
85,a_programmer,2026-10-22T08:00,bases-yang-h10,cellule,bases-yang-h10.png,https://anibal-amiot.com/assets/motifs-pinterest/encre-creme/cellule/bases-yang-h10.png,https://anibal-amiot.com/motifs/bases-yang-h10.html
86,a_programmer,2026-10-22T11:00,bases-yang-h10,pavage-2x3-decale,bases-yang-h10.png,https://anibal-amiot.com/assets/motifs-pinterest/encre-creme/pavage-2x3-decale/bases-yang-h10.png,https://anibal-amiot.com/motifs/bases-yang-h10.html
87,a_programmer,2026-10-22T14:00,bases-yang-h11,cellule,bases-yang-h11.png,https://anibal-amiot.com/assets/motifs-pinterest/encre-creme/cellule/bases-yang-h11.png,https://anibal-amiot.com/motifs/bases-yang-h11.html
88,a_programmer,2026-10-22T17:00,bases-yang-h11,pavage-2x3-decale,bases-yang-h11.png,https://anibal-amiot.com/assets/motifs-pinterest/encre-creme/pavage-2x3-decale/bases-yang-h11.png,https://anibal-amiot.com/motifs/bases-yang-h11.html
89,a_programmer,2026-10-23T08:00,bases-yang-h12,cellule,bases-yang-h12.png,https://anibal-amiot.com/assets/motifs-pinterest/encre-creme/cellule/bases-yang-h12.png,https://anibal-amiot.com/motifs/bases-yang-h12.html
90,a_programmer,2026-10-23T11:00,bases-yang-h12,pavage-2x3-decale,bases-yang-h12.png,https://anibal-amiot.com/assets/motifs-pinterest/encre-creme/pavage-2x3-decale/bases-yang-h12.png,https://anibal-amiot.com/motifs/bases-yang-h12.html
91,a_programmer,2026-10-23T14:00,bases-yang-h13,cellule,bases-yang-h13.png,https://anibal-amiot.com/assets/motifs-pinterest/encre-creme/cellule/bases-yang-h13.png,https://anibal-amiot.com/motifs/bases-yang-h13.html
92,a_programmer,2026-10-23T17:00,bases-yang-h13,pavage-2x3-decale,bases-yang-h13.png,https://anibal-amiot.com/assets/motifs-pinterest/encre-creme/pavage-2x3-decale/bases-yang-h13.png,https://anibal-amiot.com/motifs/bases-yang-h13.html
93,a_programmer,2026-10-24T08:00,bases-yang-h14,cellule,bases-yang-h14.png,https://anibal-amiot.com/assets/motifs-pinterest/encre-creme/cellule/bases-yang-h14.png,https://anibal-amiot.com/motifs/bases-yang-h14.html
94,a_programmer,2026-10-24T11:00,bases-yang-h14,pavage-2x3-decale,bases-yang-h14.png,https://anibal-amiot.com/assets/motifs-pinterest/encre-creme/pavage-2x3-decale/bases-yang-h14.png,https://anibal-amiot.com/motifs/bases-yang-h14.html
95,a_programmer,2026-10-24T14:00,bases-yang-h15,cellule,bases-yang-h15.png,https://anibal-amiot.com/assets/motifs-pinterest/encre-creme/cellule/bases-yang-h15.png,https://anibal-amiot.com/motifs/bases-yang-h15.html
96,a_programmer,2026-10-24T17:00,bases-yang-h15,pavage-2x3-decale,bases-yang-h15.png,https://anibal-amiot.com/assets/motifs-pinterest/encre-creme/pavage-2x3-decale/bases-yang-h15.png,https://anibal-amiot.com/motifs/bases-yang-h15.html
97,a_programmer,2026-10-25T08:00,bases-yang-h16,cellule,bases-yang-h16.png,https://anibal-amiot.com/assets/motifs-pinterest/encre-creme/cellule/bases-yang-h16.png,https://anibal-amiot.com/motifs/bases-yang-h16.html
98,a_programmer,2026-10-25T11:00,bases-yang-h16,pavage-2x3-decale,bases-yang-h16.png,https://anibal-amiot.com/assets/motifs-pinterest/encre-creme/pavage-2x3-decale/bases-yang-h16.png,https://anibal-amiot.com/motifs/bases-yang-h16.html
99,a_programmer,2026-10-25T14:00,bases-yang-h17,cellule,bases-yang-h17.png,https://anibal-amiot.com/assets/motifs-pinterest/encre-creme/cellule/bases-yang-h17.png,https://anibal-amiot.com/motifs/bases-yang-h17.html
100,a_programmer,2026-10-25T17:00,bases-yang-h17,pavage-2x3-decale,bases-yang-h17.png,https://anibal-amiot.com/assets/motifs-pinterest/encre-creme/pavage-2x3-decale/bases-yang-h17.png,https://anibal-amiot.com/motifs/bases-yang-h17.html
101,a_programmer,2026-10-26T08:00,bases-yang-h18,cellule,bases-yang-h18.png,https://anibal-amiot.com/assets/motifs-pinterest/encre-creme/cellule/bases-yang-h18.png,https://anibal-amiot.com/motifs/bases-yang-h18.html
102,a_programmer,2026-10-26T11:00,bases-yang-h18,pavage-2x3-decale,bases-yang-h18.png,https://anibal-amiot.com/assets/motifs-pinterest/encre-creme/pavage-2x3-decale/bases-yang-h18.png,https://anibal-amiot.com/motifs/bases-yang-h18.html
103,a_programmer,2026-10-26T14:00,bases-yang-h19,cellule,bases-yang-h19.png,https://anibal-amiot.com/assets/motifs-pinterest/encre-creme/cellule/bases-yang-h19.png,https://anibal-amiot.com/motifs/bases-yang-h19.html
104,a_programmer,2026-10-26T17:00,bases-yang-h19,pavage-2x3-decale,bases-yang-h19.png,https://anibal-amiot.com/assets/motifs-pinterest/encre-creme/pavage-2x3-decale/bases-yang-h19.png,https://anibal-amiot.com/motifs/bases-yang-h19.html
105,a_programmer,2026-10-27T08:00,bases-yang-h20,cellule,bases-yang-h20.png,https://anibal-amiot.com/assets/motifs-pinterest/encre-creme/cellule/bases-yang-h20.png,https://anibal-amiot.com/motifs/bases-yang-h20.html
106,a_programmer,2026-10-27T11:00,bases-yang-h20,pavage-2x3-decale,bases-yang-h20.png,https://anibal-amiot.com/assets/motifs-pinterest/encre-creme/pavage-2x3-decale/bases-yang-h20.png,https://anibal-amiot.com/motifs/bases-yang-h20.html
107,a_programmer,2026-10-27T14:00,bases-yang-h21,cellule,bases-yang-h21.png,https://anibal-amiot.com/assets/motifs-pinterest/encre-creme/cellule/bases-yang-h21.png,https://anibal-amiot.com/motifs/bases-yang-h21.html
108,a_programmer,2026-10-27T17:00,bases-yang-h21,pavage-2x3-decale,bases-yang-h21.png,https://anibal-amiot.com/assets/motifs-pinterest/encre-creme/pavage-2x3-decale/bases-yang-h21.png,https://anibal-amiot.com/motifs/bases-yang-h21.html
109,a_programmer,2026-10-28T08:00,bases-yang-h22,cellule,bases-yang-h22.png,https://anibal-amiot.com/assets/motifs-pinterest/encre-creme/cellule/bases-yang-h22.png,https://anibal-amiot.com/motifs/bases-yang-h22.html
110,a_programmer,2026-10-28T11:00,bases-yang-h22,pavage-2x3-decale,bases-yang-h22.png,https://anibal-amiot.com/assets/motifs-pinterest/encre-creme/pavage-2x3-decale/bases-yang-h22.png,https://anibal-amiot.com/motifs/bases-yang-h22.html
111,a_programmer,2026-10-28T14:00,bases-yang-h23,cellule,bases-yang-h23.png,https://anibal-amiot.com/assets/motifs-pinterest/encre-creme/cellule/bases-yang-h23.png,https://anibal-amiot.com/motifs/bases-yang-h23.html
112,a_programmer,2026-10-28T17:00,bases-yang-h23,pavage-2x3-decale,bases-yang-h23.png,https://anibal-amiot.com/assets/motifs-pinterest/encre-creme/pavage-2x3-decale/bases-yang-h23.png,https://anibal-amiot.com/motifs/bases-yang-h23.html
113,a_programmer,2026-10-29T08:00,bases-yang-h24,cellule,bases-yang-h24.png,https://anibal-amiot.com/assets/motifs-pinterest/encre-creme/cellule/bases-yang-h24.png,https://anibal-amiot.com/motifs/bases-yang-h24.html
114,a_programmer,2026-10-29T11:00,bases-yang-h24,pavage-2x3-decale,bases-yang-h24.png,https://anibal-amiot.com/assets/motifs-pinterest/encre-creme/pavage-2x3-decale/bases-yang-h24.png,https://anibal-amiot.com/motifs/bases-yang-h24.html
115,a_programmer,2026-10-29T14:00,bases-yang-h25,cellule,bases-yang-h25.png,https://anibal-amiot.com/assets/motifs-pinterest/encre-creme/cellule/bases-yang-h25.png,https://anibal-amiot.com/motifs/bases-yang-h25.html
116,a_programmer,2026-10-29T17:00,bases-yang-h25,pavage-2x3-decale,bases-yang-h25.png,https://anibal-amiot.com/assets/motifs-pinterest/encre-creme/pavage-2x3-decale/bases-yang-h25.png,https://anibal-amiot.com/motifs/bases-yang-h25.html
117,a_programmer,2026-10-30T08:00,bases-yang-h26,cellule,bases-yang-h26.png,https://anibal-amiot.com/assets/motifs-pinterest/encre-creme/cellule/bases-yang-h26.png,https://anibal-amiot.com/motifs/bases-yang-h26.html
118,a_programmer,2026-10-30T11:00,bases-yang-h26,pavage-2x3-decale,bases-yang-h26.png,https://anibal-amiot.com/assets/motifs-pinterest/encre-creme/pavage-2x3-decale/bases-yang-h26.png,https://anibal-amiot.com/motifs/bases-yang-h26.html
119,a_programmer,2026-10-30T14:00,bases-yang-h27,cellule,bases-yang-h27.png,https://anibal-amiot.com/assets/motifs-pinterest/encre-creme/cellule/bases-yang-h27.png,https://anibal-amiot.com/motifs/bases-yang-h27.html
120,a_programmer,2026-10-30T17:00,bases-yang-h27,pavage-2x3-decale,bases-yang-h27.png,https://anibal-amiot.com/assets/motifs-pinterest/encre-creme/pavage-2x3-decale/bases-yang-h27.png,https://anibal-amiot.com/motifs/bases-yang-h27.html
121,a_programmer,2026-10-31T08:00,bases-yang-h28,cellule,bases-yang-h28.png,https://anibal-amiot.com/assets/motifs-pinterest/encre-creme/cellule/bases-yang-h28.png,https://anibal-amiot.com/motifs/bases-yang-h28.html
122,a_programmer,2026-10-31T11:00,bases-yang-h28,pavage-2x3-decale,bases-yang-h28.png,https://anibal-amiot.com/assets/motifs-pinterest/encre-creme/pavage-2x3-decale/bases-yang-h28.png,https://anibal-amiot.com/motifs/bases-yang-h28.html
123,a_programmer,2026-10-31T14:00,bases-yang-h29,cellule,bases-yang-h29.png,https://anibal-amiot.com/assets/motifs-pinterest/encre-creme/cellule/bases-yang-h29.png,https://anibal-amiot.com/motifs/bases-yang-h29.html
124,a_programmer,2026-10-31T17:00,bases-yang-h29,pavage-2x3-decale,bases-yang-h29.png,https://anibal-amiot.com/assets/motifs-pinterest/encre-creme/pavage-2x3-decale/bases-yang-h29.png,https://anibal-amiot.com/motifs/bases-yang-h29.html
125,a_programmer,2026-11-01T08:00,bases-yang-h30,cellule,bases-yang-h30.png,https://anibal-amiot.com/assets/motifs-pinterest/encre-creme/cellule/bases-yang-h30.png,https://anibal-amiot.com/motifs/bases-yang-h30.html
126,a_programmer,2026-11-01T11:00,bases-yang-h30,pavage-2x3-decale,bases-yang-h30.png,https://anibal-amiot.com/assets/motifs-pinterest/encre-creme/pavage-2x3-decale/bases-yang-h30.png,https://anibal-amiot.com/motifs/bases-yang-h30.html
127,a_programmer,2026-11-01T14:00,bases-yang-h31,cellule,bases-yang-h31.png,https://anibal-amiot.com/assets/motifs-pinterest/encre-creme/cellule/bases-yang-h31.png,https://anibal-amiot.com/motifs/bases-yang-h31.html
128,a_programmer,2026-11-01T17:00,bases-yang-h31,pavage-2x3-decale,bases-yang-h31.png,https://anibal-amiot.com/assets/motifs-pinterest/encre-creme/pavage-2x3-decale/bases-yang-h31.png,https://anibal-amiot.com/motifs/bases-yang-h31.html
129,a_programmer,2026-11-02T08:00,par2-yang-yin-mut-h1,cellule,par2-yang-yin-mut-h1.png,https://anibal-amiot.com/assets/motifs-pinterest/encre-creme/cellule/par2-yang-yin-mut-h1.png,https://anibal-amiot.com/motifs/par2-yang-yin-mut-h1.html
130,a_programmer,2026-11-02T11:00,par2-yang-yin-mut-h1,pavage-2x3-decale,par2-yang-yin-mut-h1.png,https://anibal-amiot.com/assets/motifs-pinterest/encre-creme/pavage-2x3-decale/par2-yang-yin-mut-h1.png,https://anibal-amiot.com/motifs/par2-yang-yin-mut-h1.html
131,a_programmer,2026-11-02T14:00,par2-yang-yin-mut-h2,cellule,par2-yang-yin-mut-h2.png,https://anibal-amiot.com/assets/motifs-pinterest/encre-creme/cellule/par2-yang-yin-mut-h2.png,https://anibal-amiot.com/motifs/par2-yang-yin-mut-h2.html
132,a_programmer,2026-11-02T17:00,par2-yang-yin-mut-h2,pavage-2x3-decale,par2-yang-yin-mut-h2.png,https://anibal-amiot.com/assets/motifs-pinterest/encre-creme/pavage-2x3-decale/par2-yang-yin-mut-h2.png,https://anibal-amiot.com/motifs/par2-yang-yin-mut-h2.html
133,a_programmer,2026-11-03T08:00,par2-yang-yin-mut-h3,cellule,par2-yang-yin-mut-h3.png,https://anibal-amiot.com/assets/motifs-pinterest/encre-creme/cellule/par2-yang-yin-mut-h3.png,https://anibal-amiot.com/motifs/par2-yang-yin-mut-h3.html
134,a_programmer,2026-11-03T11:00,par2-yang-yin-mut-h3,pavage-2x3-decale,par2-yang-yin-mut-h3.png,https://anibal-amiot.com/assets/motifs-pinterest/encre-creme/pavage-2x3-decale/par2-yang-yin-mut-h3.png,https://anibal-amiot.com/motifs/par2-yang-yin-mut-h3.html
135,a_programmer,2026-11-03T14:00,par2-yang-yin-mut-h4,cellule,par2-yang-yin-mut-h4.png,https://anibal-amiot.com/assets/motifs-pinterest/encre-creme/cellule/par2-yang-yin-mut-h4.png,https://anibal-amiot.com/motifs/par2-yang-yin-mut-h4.html
136,a_programmer,2026-11-03T17:00,par2-yang-yin-mut-h4,pavage-2x3-decale,par2-yang-yin-mut-h4.png,https://anibal-amiot.com/assets/motifs-pinterest/encre-creme/pavage-2x3-decale/par2-yang-yin-mut-h4.png,https://anibal-amiot.com/motifs/par2-yang-yin-mut-h4.html
137,a_programmer,2026-11-04T08:00,par2-yang-yin-mut-h5,cellule,par2-yang-yin-mut-h5.png,https://anibal-amiot.com/assets/motifs-pinterest/encre-creme/cellule/par2-yang-yin-mut-h5.png,https://anibal-amiot.com/motifs/par2-yang-yin-mut-h5.html
138,a_programmer,2026-11-04T11:00,par2-yang-yin-mut-h5,pavage-2x3-decale,par2-yang-yin-mut-h5.png,https://anibal-amiot.com/assets/motifs-pinterest/encre-creme/pavage-2x3-decale/par2-yang-yin-mut-h5.png,https://anibal-amiot.com/motifs/par2-yang-yin-mut-h5.html
139,a_programmer,2026-11-04T14:00,par2-yang-yin-mut-h6,cellule,par2-yang-yin-mut-h6.png,https://anibal-amiot.com/assets/motifs-pinterest/encre-creme/cellule/par2-yang-yin-mut-h6.png,https://anibal-amiot.com/motifs/par2-yang-yin-mut-h6.html
140,a_programmer,2026-11-04T17:00,par2-yang-yin-mut-h6,pavage-2x3-decale,par2-yang-yin-mut-h6.png,https://anibal-amiot.com/assets/motifs-pinterest/encre-creme/pavage-2x3-decale/par2-yang-yin-mut-h6.png,https://anibal-amiot.com/motifs/par2-yang-yin-mut-h6.html
141,a_programmer,2026-11-05T08:00,par2-yang-yin-mut-h7,cellule,par2-yang-yin-mut-h7.png,https://anibal-amiot.com/assets/motifs-pinterest/encre-creme/cellule/par2-yang-yin-mut-h7.png,https://anibal-amiot.com/motifs/par2-yang-yin-mut-h7.html
142,a_programmer,2026-11-05T11:00,par2-yang-yin-mut-h7,pavage-2x3-decale,par2-yang-yin-mut-h7.png,https://anibal-amiot.com/assets/motifs-pinterest/encre-creme/pavage-2x3-decale/par2-yang-yin-mut-h7.png,https://anibal-amiot.com/motifs/par2-yang-yin-mut-h7.html
143,a_programmer,2026-11-05T14:00,par2-yang-yin-mut-h8,cellule,par2-yang-yin-mut-h8.png,https://anibal-amiot.com/assets/motifs-pinterest/encre-creme/cellule/par2-yang-yin-mut-h8.png,https://anibal-amiot.com/motifs/par2-yang-yin-mut-h8.html
144,a_programmer,2026-11-05T17:00,par2-yang-yin-mut-h8,pavage-2x3-decale,par2-yang-yin-mut-h8.png,https://anibal-amiot.com/assets/motifs-pinterest/encre-creme/pavage-2x3-decale/par2-yang-yin-mut-h8.png,https://anibal-amiot.com/motifs/par2-yang-yin-mut-h8.html
145,a_programmer,2026-11-06T08:00,par2-yang-yin-mut-h9,cellule,par2-yang-yin-mut-h9.png,https://anibal-amiot.com/assets/motifs-pinterest/encre-creme/cellule/par2-yang-yin-mut-h9.png,https://anibal-amiot.com/motifs/par2-yang-yin-mut-h9.html
146,a_programmer,2026-11-06T11:00,par2-yang-yin-mut-h9,pavage-2x3-decale,par2-yang-yin-mut-h9.png,https://anibal-amiot.com/assets/motifs-pinterest/encre-creme/pavage-2x3-decale/par2-yang-yin-mut-h9.png,https://anibal-amiot.com/motifs/par2-yang-yin-mut-h9.html
147,a_programmer,2026-11-06T14:00,par2-yang-yin-mut-h10,cellule,par2-yang-yin-mut-h10.png,https://anibal-amiot.com/assets/motifs-pinterest/encre-creme/cellule/par2-yang-yin-mut-h10.png,https://anibal-amiot.com/motifs/par2-yang-yin-mut-h10.html
148,a_programmer,2026-11-06T17:00,par2-yang-yin-mut-h10,pavage-2x3-decale,par2-yang-yin-mut-h10.png,https://anibal-amiot.com/assets/motifs-pinterest/encre-creme/pavage-2x3-decale/par2-yang-yin-mut-h10.png,https://anibal-amiot.com/motifs/par2-yang-yin-mut-h10.html
149,a_programmer,2026-11-07T08:00,par2-yang-yin-mut-h11,cellule,par2-yang-yin-mut-h11.png,https://anibal-amiot.com/assets/motifs-pinterest/encre-creme/cellule/par2-yang-yin-mut-h11.png,https://anibal-amiot.com/motifs/par2-yang-yin-mut-h11.html
150,a_programmer,2026-11-07T11:00,par2-yang-yin-mut-h11,pavage-2x3-decale,par2-yang-yin-mut-h11.png,https://anibal-amiot.com/assets/motifs-pinterest/encre-creme/pavage-2x3-decale/par2-yang-yin-mut-h11.png,https://anibal-amiot.com/motifs/par2-yang-yin-mut-h11.html
151,a_programmer,2026-11-07T14:00,par2-yang-yin-mut-h12,cellule,par2-yang-yin-mut-h12.png,https://anibal-amiot.com/assets/motifs-pinterest/encre-creme/cellule/par2-yang-yin-mut-h12.png,https://anibal-amiot.com/motifs/par2-yang-yin-mut-h12.html
152,a_programmer,2026-11-07T17:00,par2-yang-yin-mut-h12,pavage-2x3-decale,par2-yang-yin-mut-h12.png,https://anibal-amiot.com/assets/motifs-pinterest/encre-creme/pavage-2x3-decale/par2-yang-yin-mut-h12.png,https://anibal-amiot.com/motifs/par2-yang-yin-mut-h12.html
153,a_programmer,2026-11-08T08:00,par2-yang-yin-mut-h13,cellule,par2-yang-yin-mut-h13.png,https://anibal-amiot.com/assets/motifs-pinterest/encre-creme/cellule/par2-yang-yin-mut-h13.png,https://anibal-amiot.com/motifs/par2-yang-yin-mut-h13.html
154,a_programmer,2026-11-08T11:00,par2-yang-yin-mut-h13,pavage-2x3-decale,par2-yang-yin-mut-h13.png,https://anibal-amiot.com/assets/motifs-pinterest/encre-creme/pavage-2x3-decale/par2-yang-yin-mut-h13.png,https://anibal-amiot.com/motifs/par2-yang-yin-mut-h13.html
155,a_programmer,2026-11-08T14:00,par2-yang-yin-mut-h14,cellule,par2-yang-yin-mut-h14.png,https://anibal-amiot.com/assets/motifs-pinterest/encre-creme/cellule/par2-yang-yin-mut-h14.png,https://anibal-amiot.com/motifs/par2-yang-yin-mut-h14.html
156,a_programmer,2026-11-08T17:00,par2-yang-yin-mut-h14,pavage-2x3-decale,par2-yang-yin-mut-h14.png,https://anibal-amiot.com/assets/motifs-pinterest/encre-creme/pavage-2x3-decale/par2-yang-yin-mut-h14.png,https://anibal-amiot.com/motifs/par2-yang-yin-mut-h14.html
157,a_programmer,2026-11-09T08:00,par2-yang-yin-mut-h15,cellule,par2-yang-yin-mut-h15.png,https://anibal-amiot.com/assets/motifs-pinterest/encre-creme/cellule/par2-yang-yin-mut-h15.png,https://anibal-amiot.com/motifs/par2-yang-yin-mut-h15.html
158,a_programmer,2026-11-09T11:00,par2-yang-yin-mut-h15,pavage-2x3-decale,par2-yang-yin-mut-h15.png,https://anibal-amiot.com/assets/motifs-pinterest/encre-creme/pavage-2x3-decale/par2-yang-yin-mut-h15.png,https://anibal-amiot.com/motifs/par2-yang-yin-mut-h15.html
159,a_programmer,2026-11-09T14:00,par2-yang-yin-mut-h16,cellule,par2-yang-yin-mut-h16.png,https://anibal-amiot.com/assets/motifs-pinterest/encre-creme/cellule/par2-yang-yin-mut-h16.png,https://anibal-amiot.com/motifs/par2-yang-yin-mut-h16.html
160,a_programmer,2026-11-09T17:00,par2-yang-yin-mut-h16,pavage-2x3-decale,par2-yang-yin-mut-h16.png,https://anibal-amiot.com/assets/motifs-pinterest/encre-creme/pavage-2x3-decale/par2-yang-yin-mut-h16.png,https://anibal-amiot.com/motifs/par2-yang-yin-mut-h16.html
161,a_programmer,2026-11-10T08:00,par2-yang-yin-mut-h17,cellule,par2-yang-yin-mut-h17.png,https://anibal-amiot.com/assets/motifs-pinterest/encre-creme/cellule/par2-yang-yin-mut-h17.png,https://anibal-amiot.com/motifs/par2-yang-yin-mut-h17.html
162,a_programmer,2026-11-10T11:00,par2-yang-yin-mut-h17,pavage-2x3-decale,par2-yang-yin-mut-h17.png,https://anibal-amiot.com/assets/motifs-pinterest/encre-creme/pavage-2x3-decale/par2-yang-yin-mut-h17.png,https://anibal-amiot.com/motifs/par2-yang-yin-mut-h17.html
163,a_programmer,2026-11-10T14:00,par2-yang-yin-mut-h18,cellule,par2-yang-yin-mut-h18.png,https://anibal-amiot.com/assets/motifs-pinterest/encre-creme/cellule/par2-yang-yin-mut-h18.png,https://anibal-amiot.com/motifs/par2-yang-yin-mut-h18.html
164,a_programmer,2026-11-10T17:00,par2-yang-yin-mut-h18,pavage-2x3-decale,par2-yang-yin-mut-h18.png,https://anibal-amiot.com/assets/motifs-pinterest/encre-creme/pavage-2x3-decale/par2-yang-yin-mut-h18.png,https://anibal-amiot.com/motifs/par2-yang-yin-mut-h18.html
165,a_programmer,2026-11-11T08:00,par2-yang-yin-mut-h19,cellule,par2-yang-yin-mut-h19.png,https://anibal-amiot.com/assets/motifs-pinterest/encre-creme/cellule/par2-yang-yin-mut-h19.png,https://anibal-amiot.com/motifs/par2-yang-yin-mut-h19.html
166,a_programmer,2026-11-11T11:00,par2-yang-yin-mut-h19,pavage-2x3-decale,par2-yang-yin-mut-h19.png,https://anibal-amiot.com/assets/motifs-pinterest/encre-creme/pavage-2x3-decale/par2-yang-yin-mut-h19.png,https://anibal-amiot.com/motifs/par2-yang-yin-mut-h19.html
167,a_programmer,2026-11-11T14:00,par2-yang-yin-mut-h20,cellule,par2-yang-yin-mut-h20.png,https://anibal-amiot.com/assets/motifs-pinterest/encre-creme/cellule/par2-yang-yin-mut-h20.png,https://anibal-amiot.com/motifs/par2-yang-yin-mut-h20.html
168,a_programmer,2026-11-11T17:00,par2-yang-yin-mut-h20,pavage-2x3-decale,par2-yang-yin-mut-h20.png,https://anibal-amiot.com/assets/motifs-pinterest/encre-creme/pavage-2x3-decale/par2-yang-yin-mut-h20.png,https://anibal-amiot.com/motifs/par2-yang-yin-mut-h20.html
169,a_programmer,2026-11-12T08:00,par2-yang-yin-mut-h21,cellule,par2-yang-yin-mut-h21.png,https://anibal-amiot.com/assets/motifs-pinterest/encre-creme/cellule/par2-yang-yin-mut-h21.png,https://anibal-amiot.com/motifs/par2-yang-yin-mut-h21.html
170,a_programmer,2026-11-12T11:00,par2-yang-yin-mut-h21,pavage-2x3-decale,par2-yang-yin-mut-h21.png,https://anibal-amiot.com/assets/motifs-pinterest/encre-creme/pavage-2x3-decale/par2-yang-yin-mut-h21.png,https://anibal-amiot.com/motifs/par2-yang-yin-mut-h21.html
171,a_programmer,2026-11-12T14:00,par2-yang-yin-mut-h22,cellule,par2-yang-yin-mut-h22.png,https://anibal-amiot.com/assets/motifs-pinterest/encre-creme/cellule/par2-yang-yin-mut-h22.png,https://anibal-amiot.com/motifs/par2-yang-yin-mut-h22.html
172,a_programmer,2026-11-12T17:00,par2-yang-yin-mut-h22,pavage-2x3-decale,par2-yang-yin-mut-h22.png,https://anibal-amiot.com/assets/motifs-pinterest/encre-creme/pavage-2x3-decale/par2-yang-yin-mut-h22.png,https://anibal-amiot.com/motifs/par2-yang-yin-mut-h22.html
173,a_programmer,2026-11-13T08:00,par2-yang-yin-mut-h23,cellule,par2-yang-yin-mut-h23.png,https://anibal-amiot.com/assets/motifs-pinterest/encre-creme/cellule/par2-yang-yin-mut-h23.png,https://anibal-amiot.com/motifs/par2-yang-yin-mut-h23.html
174,a_programmer,2026-11-13T11:00,par2-yang-yin-mut-h23,pavage-2x3-decale,par2-yang-yin-mut-h23.png,https://anibal-amiot.com/assets/motifs-pinterest/encre-creme/pavage-2x3-decale/par2-yang-yin-mut-h23.png,https://anibal-amiot.com/motifs/par2-yang-yin-mut-h23.html
175,a_programmer,2026-11-13T14:00,par2-yang-yin-mut-h24,cellule,par2-yang-yin-mut-h24.png,https://anibal-amiot.com/assets/motifs-pinterest/encre-creme/cellule/par2-yang-yin-mut-h24.png,https://anibal-amiot.com/motifs/par2-yang-yin-mut-h24.html
176,a_programmer,2026-11-13T17:00,par2-yang-yin-mut-h24,pavage-2x3-decale,par2-yang-yin-mut-h24.png,https://anibal-amiot.com/assets/motifs-pinterest/encre-creme/pavage-2x3-decale/par2-yang-yin-mut-h24.png,https://anibal-amiot.com/motifs/par2-yang-yin-mut-h24.html
177,a_programmer,2026-11-14T08:00,par2-yang-yin-mut-h25,cellule,par2-yang-yin-mut-h25.png,https://anibal-amiot.com/assets/motifs-pinterest/encre-creme/cellule/par2-yang-yin-mut-h25.png,https://anibal-amiot.com/motifs/par2-yang-yin-mut-h25.html
178,a_programmer,2026-11-14T11:00,par2-yang-yin-mut-h25,pavage-2x3-decale,par2-yang-yin-mut-h25.png,https://anibal-amiot.com/assets/motifs-pinterest/encre-creme/pavage-2x3-decale/par2-yang-yin-mut-h25.png,https://anibal-amiot.com/motifs/par2-yang-yin-mut-h25.html
179,a_programmer,2026-11-14T14:00,par2-yang-yin-mut-h26,cellule,par2-yang-yin-mut-h26.png,https://anibal-amiot.com/assets/motifs-pinterest/encre-creme/cellule/par2-yang-yin-mut-h26.png,https://anibal-amiot.com/motifs/par2-yang-yin-mut-h26.html
180,a_programmer,2026-11-14T17:00,par2-yang-yin-mut-h26,pavage-2x3-decale,par2-yang-yin-mut-h26.png,https://anibal-amiot.com/assets/motifs-pinterest/encre-creme/pavage-2x3-decale/par2-yang-yin-mut-h26.png,https://anibal-amiot.com/motifs/par2-yang-yin-mut-h26.html
181,a_programmer,2026-11-15T08:00,par2-yang-yin-mut-h27,cellule,par2-yang-yin-mut-h27.png,https://anibal-amiot.com/assets/motifs-pinterest/encre-creme/cellule/par2-yang-yin-mut-h27.png,https://anibal-amiot.com/motifs/par2-yang-yin-mut-h27.html
182,a_programmer,2026-11-15T11:00,par2-yang-yin-mut-h27,pavage-2x3-decale,par2-yang-yin-mut-h27.png,https://anibal-amiot.com/assets/motifs-pinterest/encre-creme/pavage-2x3-decale/par2-yang-yin-mut-h27.png,https://anibal-amiot.com/motifs/par2-yang-yin-mut-h27.html
183,a_programmer,2026-11-15T14:00,par2-yang-yin-mut-h28,cellule,par2-yang-yin-mut-h28.png,https://anibal-amiot.com/assets/motifs-pinterest/encre-creme/cellule/par2-yang-yin-mut-h28.png,https://anibal-amiot.com/motifs/par2-yang-yin-mut-h28.html
184,a_programmer,2026-11-15T17:00,par2-yang-yin-mut-h28,pavage-2x3-decale,par2-yang-yin-mut-h28.png,https://anibal-amiot.com/assets/motifs-pinterest/encre-creme/pavage-2x3-decale/par2-yang-yin-mut-h28.png,https://anibal-amiot.com/motifs/par2-yang-yin-mut-h28.html
185,a_programmer,2026-11-16T08:00,par2-yang-yin-mut-h29,cellule,par2-yang-yin-mut-h29.png,https://anibal-amiot.com/assets/motifs-pinterest/encre-creme/cellule/par2-yang-yin-mut-h29.png,https://anibal-amiot.com/motifs/par2-yang-yin-mut-h29.html
186,a_programmer,2026-11-16T11:00,par2-yang-yin-mut-h29,pavage-2x3-decale,par2-yang-yin-mut-h29.png,https://anibal-amiot.com/assets/motifs-pinterest/encre-creme/pavage-2x3-decale/par2-yang-yin-mut-h29.png,https://anibal-amiot.com/motifs/par2-yang-yin-mut-h29.html
187,a_programmer,2026-11-16T14:00,par2-yang-yin-mut-h30,cellule,par2-yang-yin-mut-h30.png,https://anibal-amiot.com/assets/motifs-pinterest/encre-creme/cellule/par2-yang-yin-mut-h30.png,https://anibal-amiot.com/motifs/par2-yang-yin-mut-h30.html
188,a_programmer,2026-11-16T17:00,par2-yang-yin-mut-h30,pavage-2x3-decale,par2-yang-yin-mut-h30.png,https://anibal-amiot.com/assets/motifs-pinterest/encre-creme/pavage-2x3-decale/par2-yang-yin-mut-h30.png,https://anibal-amiot.com/motifs/par2-yang-yin-mut-h30.html
189,a_programmer,2026-11-17T08:00,par2-yang-yin-mut-h31,cellule,par2-yang-yin-mut-h31.png,https://anibal-amiot.com/assets/motifs-pinterest/encre-creme/cellule/par2-yang-yin-mut-h31.png,https://anibal-amiot.com/motifs/par2-yang-yin-mut-h31.html
190,a_programmer,2026-11-17T11:00,par2-yang-yin-mut-h31,pavage-2x3-decale,par2-yang-yin-mut-h31.png,https://anibal-amiot.com/assets/motifs-pinterest/encre-creme/pavage-2x3-decale/par2-yang-yin-mut-h31.png,https://anibal-amiot.com/motifs/par2-yang-yin-mut-h31.html
191,a_programmer,2026-11-17T14:00,par2-yin-mut-yang-mut-h1,cellule,par2-yin-mut-yang-mut-h1.png,https://anibal-amiot.com/assets/motifs-pinterest/encre-creme/cellule/par2-yin-mut-yang-mut-h1.png,https://anibal-amiot.com/motifs/par2-yin-mut-yang-mut-h1.html
192,a_programmer,2026-11-17T17:00,par2-yin-mut-yang-mut-h1,pavage-2x3-decale,par2-yin-mut-yang-mut-h1.png,https://anibal-amiot.com/assets/motifs-pinterest/encre-creme/pavage-2x3-decale/par2-yin-mut-yang-mut-h1.png,https://anibal-amiot.com/motifs/par2-yin-mut-yang-mut-h1.html
193,a_programmer,2026-11-18T08:00,par2-yin-mut-yang-mut-h2,cellule,par2-yin-mut-yang-mut-h2.png,https://anibal-amiot.com/assets/motifs-pinterest/encre-creme/cellule/par2-yin-mut-yang-mut-h2.png,https://anibal-amiot.com/motifs/par2-yin-mut-yang-mut-h2.html
194,a_programmer,2026-11-18T11:00,par2-yin-mut-yang-mut-h2,pavage-2x3-decale,par2-yin-mut-yang-mut-h2.png,https://anibal-amiot.com/assets/motifs-pinterest/encre-creme/pavage-2x3-decale/par2-yin-mut-yang-mut-h2.png,https://anibal-amiot.com/motifs/par2-yin-mut-yang-mut-h2.html
195,a_programmer,2026-11-18T14:00,par2-yin-mut-yang-mut-h3,cellule,par2-yin-mut-yang-mut-h3.png,https://anibal-amiot.com/assets/motifs-pinterest/encre-creme/cellule/par2-yin-mut-yang-mut-h3.png,https://anibal-amiot.com/motifs/par2-yin-mut-yang-mut-h3.html
196,a_programmer,2026-11-18T17:00,par2-yin-mut-yang-mut-h3,pavage-2x3-decale,par2-yin-mut-yang-mut-h3.png,https://anibal-amiot.com/assets/motifs-pinterest/encre-creme/pavage-2x3-decale/par2-yin-mut-yang-mut-h3.png,https://anibal-amiot.com/motifs/par2-yin-mut-yang-mut-h3.html
197,a_programmer,2026-11-19T08:00,par2-yin-mut-yang-mut-h4,cellule,par2-yin-mut-yang-mut-h4.png,https://anibal-amiot.com/assets/motifs-pinterest/encre-creme/cellule/par2-yin-mut-yang-mut-h4.png,https://anibal-amiot.com/motifs/par2-yin-mut-yang-mut-h4.html
198,a_programmer,2026-11-19T11:00,par2-yin-mut-yang-mut-h4,pavage-2x3-decale,par2-yin-mut-yang-mut-h4.png,https://anibal-amiot.com/assets/motifs-pinterest/encre-creme/pavage-2x3-decale/par2-yin-mut-yang-mut-h4.png,https://anibal-amiot.com/motifs/par2-yin-mut-yang-mut-h4.html
199,a_programmer,2026-11-19T14:00,par2-yin-mut-yang-mut-h5,cellule,par2-yin-mut-yang-mut-h5.png,https://anibal-amiot.com/assets/motifs-pinterest/encre-creme/cellule/par2-yin-mut-yang-mut-h5.png,https://anibal-amiot.com/motifs/par2-yin-mut-yang-mut-h5.html
200,a_programmer,2026-11-19T17:00,par2-yin-mut-yang-mut-h5,pavage-2x3-decale,par2-yin-mut-yang-mut-h5.png,https://anibal-amiot.com/assets/motifs-pinterest/encre-creme/pavage-2x3-decale/par2-yin-mut-yang-mut-h5.png,https://anibal-amiot.com/motifs/par2-yin-mut-yang-mut-h5.html
201,a_programmer,2026-11-20T08:00,par2-yin-mut-yang-mut-h6,cellule,par2-yin-mut-yang-mut-h6.png,https://anibal-amiot.com/assets/motifs-pinterest/encre-creme/cellule/par2-yin-mut-yang-mut-h6.png,https://anibal-amiot.com/motifs/par2-yin-mut-yang-mut-h6.html
202,a_programmer,2026-11-20T11:00,par2-yin-mut-yang-mut-h6,pavage-2x3-decale,par2-yin-mut-yang-mut-h6.png,https://anibal-amiot.com/assets/motifs-pinterest/encre-creme/pavage-2x3-decale/par2-yin-mut-yang-mut-h6.png,https://anibal-amiot.com/motifs/par2-yin-mut-yang-mut-h6.html
203,a_programmer,2026-11-20T14:00,par2-yin-mut-yang-mut-h7,cellule,par2-yin-mut-yang-mut-h7.png,https://anibal-amiot.com/assets/motifs-pinterest/encre-creme/cellule/par2-yin-mut-yang-mut-h7.png,https://anibal-amiot.com/motifs/par2-yin-mut-yang-mut-h7.html
204,a_programmer,2026-11-20T17:00,par2-yin-mut-yang-mut-h7,pavage-2x3-decale,par2-yin-mut-yang-mut-h7.png,https://anibal-amiot.com/assets/motifs-pinterest/encre-creme/pavage-2x3-decale/par2-yin-mut-yang-mut-h7.png,https://anibal-amiot.com/motifs/par2-yin-mut-yang-mut-h7.html
205,a_programmer,2026-11-21T08:00,par2-yin-mut-yang-mut-h8,cellule,par2-yin-mut-yang-mut-h8.png,https://anibal-amiot.com/assets/motifs-pinterest/encre-creme/cellule/par2-yin-mut-yang-mut-h8.png,https://anibal-amiot.com/motifs/par2-yin-mut-yang-mut-h8.html
206,a_programmer,2026-11-21T11:00,par2-yin-mut-yang-mut-h8,pavage-2x3-decale,par2-yin-mut-yang-mut-h8.png,https://anibal-amiot.com/assets/motifs-pinterest/encre-creme/pavage-2x3-decale/par2-yin-mut-yang-mut-h8.png,https://anibal-amiot.com/motifs/par2-yin-mut-yang-mut-h8.html
207,a_programmer,2026-11-21T14:00,par2-yin-mut-yang-mut-h9,cellule,par2-yin-mut-yang-mut-h9.png,https://anibal-amiot.com/assets/motifs-pinterest/encre-creme/cellule/par2-yin-mut-yang-mut-h9.png,https://anibal-amiot.com/motifs/par2-yin-mut-yang-mut-h9.html
208,a_programmer,2026-11-21T17:00,par2-yin-mut-yang-mut-h9,pavage-2x3-decale,par2-yin-mut-yang-mut-h9.png,https://anibal-amiot.com/assets/motifs-pinterest/encre-creme/pavage-2x3-decale/par2-yin-mut-yang-mut-h9.png,https://anibal-amiot.com/motifs/par2-yin-mut-yang-mut-h9.html
209,a_programmer,2026-11-22T08:00,par2-yin-mut-yang-mut-h10,cellule,par2-yin-mut-yang-mut-h10.png,https://anibal-amiot.com/assets/motifs-pinterest/encre-creme/cellule/par2-yin-mut-yang-mut-h10.png,https://anibal-amiot.com/motifs/par2-yin-mut-yang-mut-h10.html
210,a_programmer,2026-11-22T11:00,par2-yin-mut-yang-mut-h10,pavage-2x3-decale,par2-yin-mut-yang-mut-h10.png,https://anibal-amiot.com/assets/motifs-pinterest/encre-creme/pavage-2x3-decale/par2-yin-mut-yang-mut-h10.png,https://anibal-amiot.com/motifs/par2-yin-mut-yang-mut-h10.html
211,a_programmer,2026-11-22T14:00,par2-yin-mut-yang-mut-h11,cellule,par2-yin-mut-yang-mut-h11.png,https://anibal-amiot.com/assets/motifs-pinterest/encre-creme/cellule/par2-yin-mut-yang-mut-h11.png,https://anibal-amiot.com/motifs/par2-yin-mut-yang-mut-h11.html
212,a_programmer,2026-11-22T17:00,par2-yin-mut-yang-mut-h11,pavage-2x3-decale,par2-yin-mut-yang-mut-h11.png,https://anibal-amiot.com/assets/motifs-pinterest/encre-creme/pavage-2x3-decale/par2-yin-mut-yang-mut-h11.png,https://anibal-amiot.com/motifs/par2-yin-mut-yang-mut-h11.html
213,a_programmer,2026-11-23T08:00,par2-yin-mut-yang-mut-h12,cellule,par2-yin-mut-yang-mut-h12.png,https://anibal-amiot.com/assets/motifs-pinterest/encre-creme/cellule/par2-yin-mut-yang-mut-h12.png,https://anibal-amiot.com/motifs/par2-yin-mut-yang-mut-h12.html
214,a_programmer,2026-11-23T11:00,par2-yin-mut-yang-mut-h12,pavage-2x3-decale,par2-yin-mut-yang-mut-h12.png,https://anibal-amiot.com/assets/motifs-pinterest/encre-creme/pavage-2x3-decale/par2-yin-mut-yang-mut-h12.png,https://anibal-amiot.com/motifs/par2-yin-mut-yang-mut-h12.html
215,a_programmer,2026-11-23T14:00,par2-yin-mut-yang-mut-h13,cellule,par2-yin-mut-yang-mut-h13.png,https://anibal-amiot.com/assets/motifs-pinterest/encre-creme/cellule/par2-yin-mut-yang-mut-h13.png,https://anibal-amiot.com/motifs/par2-yin-mut-yang-mut-h13.html
216,a_programmer,2026-11-23T17:00,par2-yin-mut-yang-mut-h13,pavage-2x3-decale,par2-yin-mut-yang-mut-h13.png,https://anibal-amiot.com/assets/motifs-pinterest/encre-creme/pavage-2x3-decale/par2-yin-mut-yang-mut-h13.png,https://anibal-amiot.com/motifs/par2-yin-mut-yang-mut-h13.html
217,a_programmer,2026-11-24T08:00,par2-yin-mut-yang-mut-h14,cellule,par2-yin-mut-yang-mut-h14.png,https://anibal-amiot.com/assets/motifs-pinterest/encre-creme/cellule/par2-yin-mut-yang-mut-h14.png,https://anibal-amiot.com/motifs/par2-yin-mut-yang-mut-h14.html
218,a_programmer,2026-11-24T11:00,par2-yin-mut-yang-mut-h14,pavage-2x3-decale,par2-yin-mut-yang-mut-h14.png,https://anibal-amiot.com/assets/motifs-pinterest/encre-creme/pavage-2x3-decale/par2-yin-mut-yang-mut-h14.png,https://anibal-amiot.com/motifs/par2-yin-mut-yang-mut-h14.html
219,a_programmer,2026-11-24T14:00,par2-yin-mut-yang-mut-h15,cellule,par2-yin-mut-yang-mut-h15.png,https://anibal-amiot.com/assets/motifs-pinterest/encre-creme/cellule/par2-yin-mut-yang-mut-h15.png,https://anibal-amiot.com/motifs/par2-yin-mut-yang-mut-h15.html
220,a_programmer,2026-11-24T17:00,par2-yin-mut-yang-mut-h15,pavage-2x3-decale,par2-yin-mut-yang-mut-h15.png,https://anibal-amiot.com/assets/motifs-pinterest/encre-creme/pavage-2x3-decale/par2-yin-mut-yang-mut-h15.png,https://anibal-amiot.com/motifs/par2-yin-mut-yang-mut-h15.html
221,a_programmer,2026-11-25T08:00,par2-yin-mut-yang-mut-h16,cellule,par2-yin-mut-yang-mut-h16.png,https://anibal-amiot.com/assets/motifs-pinterest/encre-creme/cellule/par2-yin-mut-yang-mut-h16.png,https://anibal-amiot.com/motifs/par2-yin-mut-yang-mut-h16.html
222,a_programmer,2026-11-25T11:00,par2-yin-mut-yang-mut-h16,pavage-2x3-decale,par2-yin-mut-yang-mut-h16.png,https://anibal-amiot.com/assets/motifs-pinterest/encre-creme/pavage-2x3-decale/par2-yin-mut-yang-mut-h16.png,https://anibal-amiot.com/motifs/par2-yin-mut-yang-mut-h16.html
223,a_programmer,2026-11-25T14:00,par2-yin-mut-yang-mut-h17,cellule,par2-yin-mut-yang-mut-h17.png,https://anibal-amiot.com/assets/motifs-pinterest/encre-creme/cellule/par2-yin-mut-yang-mut-h17.png,https://anibal-amiot.com/motifs/par2-yin-mut-yang-mut-h17.html
224,a_programmer,2026-11-25T17:00,par2-yin-mut-yang-mut-h17,pavage-2x3-decale,par2-yin-mut-yang-mut-h17.png,https://anibal-amiot.com/assets/motifs-pinterest/encre-creme/pavage-2x3-decale/par2-yin-mut-yang-mut-h17.png,https://anibal-amiot.com/motifs/par2-yin-mut-yang-mut-h17.html
225,a_programmer,2026-11-26T08:00,par2-yin-mut-yang-mut-h18,cellule,par2-yin-mut-yang-mut-h18.png,https://anibal-amiot.com/assets/motifs-pinterest/encre-creme/cellule/par2-yin-mut-yang-mut-h18.png,https://anibal-amiot.com/motifs/par2-yin-mut-yang-mut-h18.html
226,a_programmer,2026-11-26T11:00,par2-yin-mut-yang-mut-h18,pavage-2x3-decale,par2-yin-mut-yang-mut-h18.png,https://anibal-amiot.com/assets/motifs-pinterest/encre-creme/pavage-2x3-decale/par2-yin-mut-yang-mut-h18.png,https://anibal-amiot.com/motifs/par2-yin-mut-yang-mut-h18.html
227,a_programmer,2026-11-26T14:00,par2-yin-mut-yang-mut-h19,cellule,par2-yin-mut-yang-mut-h19.png,https://anibal-amiot.com/assets/motifs-pinterest/encre-creme/cellule/par2-yin-mut-yang-mut-h19.png,https://anibal-amiot.com/motifs/par2-yin-mut-yang-mut-h19.html
228,a_programmer,2026-11-26T17:00,par2-yin-mut-yang-mut-h19,pavage-2x3-decale,par2-yin-mut-yang-mut-h19.png,https://anibal-amiot.com/assets/motifs-pinterest/encre-creme/pavage-2x3-decale/par2-yin-mut-yang-mut-h19.png,https://anibal-amiot.com/motifs/par2-yin-mut-yang-mut-h19.html
229,a_programmer,2026-11-27T08:00,par2-yin-mut-yang-mut-h20,cellule,par2-yin-mut-yang-mut-h20.png,https://anibal-amiot.com/assets/motifs-pinterest/encre-creme/cellule/par2-yin-mut-yang-mut-h20.png,https://anibal-amiot.com/motifs/par2-yin-mut-yang-mut-h20.html
230,a_programmer,2026-11-27T11:00,par2-yin-mut-yang-mut-h20,pavage-2x3-decale,par2-yin-mut-yang-mut-h20.png,https://anibal-amiot.com/assets/motifs-pinterest/encre-creme/pavage-2x3-decale/par2-yin-mut-yang-mut-h20.png,https://anibal-amiot.com/motifs/par2-yin-mut-yang-mut-h20.html
231,a_programmer,2026-11-27T14:00,par2-yin-mut-yang-mut-h21,cellule,par2-yin-mut-yang-mut-h21.png,https://anibal-amiot.com/assets/motifs-pinterest/encre-creme/cellule/par2-yin-mut-yang-mut-h21.png,https://anibal-amiot.com/motifs/par2-yin-mut-yang-mut-h21.html
232,a_programmer,2026-11-27T17:00,par2-yin-mut-yang-mut-h21,pavage-2x3-decale,par2-yin-mut-yang-mut-h21.png,https://anibal-amiot.com/assets/motifs-pinterest/encre-creme/pavage-2x3-decale/par2-yin-mut-yang-mut-h21.png,https://anibal-amiot.com/motifs/par2-yin-mut-yang-mut-h21.html
233,a_programmer,2026-11-28T08:00,par2-yin-mut-yang-mut-h22,cellule,par2-yin-mut-yang-mut-h22.png,https://anibal-amiot.com/assets/motifs-pinterest/encre-creme/cellule/par2-yin-mut-yang-mut-h22.png,https://anibal-amiot.com/motifs/par2-yin-mut-yang-mut-h22.html
234,a_programmer,2026-11-28T11:00,par2-yin-mut-yang-mut-h22,pavage-2x3-decale,par2-yin-mut-yang-mut-h22.png,https://anibal-amiot.com/assets/motifs-pinterest/encre-creme/pavage-2x3-decale/par2-yin-mut-yang-mut-h22.png,https://anibal-amiot.com/motifs/par2-yin-mut-yang-mut-h22.html
235,a_programmer,2026-11-28T14:00,par2-yin-mut-yang-mut-h23,cellule,par2-yin-mut-yang-mut-h23.png,https://anibal-amiot.com/assets/motifs-pinterest/encre-creme/cellule/par2-yin-mut-yang-mut-h23.png,https://anibal-amiot.com/motifs/par2-yin-mut-yang-mut-h23.html
236,a_programmer,2026-11-28T17:00,par2-yin-mut-yang-mut-h23,pavage-2x3-decale,par2-yin-mut-yang-mut-h23.png,https://anibal-amiot.com/assets/motifs-pinterest/encre-creme/pavage-2x3-decale/par2-yin-mut-yang-mut-h23.png,https://anibal-amiot.com/motifs/par2-yin-mut-yang-mut-h23.html
237,a_programmer,2026-11-29T08:00,par2-yin-mut-yang-mut-h24,cellule,par2-yin-mut-yang-mut-h24.png,https://anibal-amiot.com/assets/motifs-pinterest/encre-creme/cellule/par2-yin-mut-yang-mut-h24.png,https://anibal-amiot.com/motifs/par2-yin-mut-yang-mut-h24.html
238,a_programmer,2026-11-29T11:00,par2-yin-mut-yang-mut-h24,pavage-2x3-decale,par2-yin-mut-yang-mut-h24.png,https://anibal-amiot.com/assets/motifs-pinterest/encre-creme/pavage-2x3-decale/par2-yin-mut-yang-mut-h24.png,https://anibal-amiot.com/motifs/par2-yin-mut-yang-mut-h24.html
239,a_programmer,2026-11-29T14:00,par2-yin-mut-yang-mut-h25,cellule,par2-yin-mut-yang-mut-h25.png,https://anibal-amiot.com/assets/motifs-pinterest/encre-creme/cellule/par2-yin-mut-yang-mut-h25.png,https://anibal-amiot.com/motifs/par2-yin-mut-yang-mut-h25.html
240,a_programmer,2026-11-29T17:00,par2-yin-mut-yang-mut-h25,pavage-2x3-decale,par2-yin-mut-yang-mut-h25.png,https://anibal-amiot.com/assets/motifs-pinterest/encre-creme/pavage-2x3-decale/par2-yin-mut-yang-mut-h25.png,https://anibal-amiot.com/motifs/par2-yin-mut-yang-mut-h25.html
241,a_programmer,2026-11-30T08:00,par2-yin-mut-yang-mut-h26,cellule,par2-yin-mut-yang-mut-h26.png,https://anibal-amiot.com/assets/motifs-pinterest/encre-creme/cellule/par2-yin-mut-yang-mut-h26.png,https://anibal-amiot.com/motifs/par2-yin-mut-yang-mut-h26.html
242,a_programmer,2026-11-30T11:00,par2-yin-mut-yang-mut-h26,pavage-2x3-decale,par2-yin-mut-yang-mut-h26.png,https://anibal-amiot.com/assets/motifs-pinterest/encre-creme/pavage-2x3-decale/par2-yin-mut-yang-mut-h26.png,https://anibal-amiot.com/motifs/par2-yin-mut-yang-mut-h26.html
243,a_programmer,2026-11-30T14:00,par2-yin-mut-yang-mut-h27,cellule,par2-yin-mut-yang-mut-h27.png,https://anibal-amiot.com/assets/motifs-pinterest/encre-creme/cellule/par2-yin-mut-yang-mut-h27.png,https://anibal-amiot.com/motifs/par2-yin-mut-yang-mut-h27.html
244,a_programmer,2026-11-30T17:00,par2-yin-mut-yang-mut-h27,pavage-2x3-decale,par2-yin-mut-yang-mut-h27.png,https://anibal-amiot.com/assets/motifs-pinterest/encre-creme/pavage-2x3-decale/par2-yin-mut-yang-mut-h27.png,https://anibal-amiot.com/motifs/par2-yin-mut-yang-mut-h27.html
245,a_programmer,2026-12-01T08:00,par2-yin-mut-yang-mut-h28,cellule,par2-yin-mut-yang-mut-h28.png,https://anibal-amiot.com/assets/motifs-pinterest/encre-creme/cellule/par2-yin-mut-yang-mut-h28.png,https://anibal-amiot.com/motifs/par2-yin-mut-yang-mut-h28.html
246,a_programmer,2026-12-01T11:00,par2-yin-mut-yang-mut-h28,pavage-2x3-decale,par2-yin-mut-yang-mut-h28.png,https://anibal-amiot.com/assets/motifs-pinterest/encre-creme/pavage-2x3-decale/par2-yin-mut-yang-mut-h28.png,https://anibal-amiot.com/motifs/par2-yin-mut-yang-mut-h28.html
247,a_programmer,2026-12-01T14:00,par2-yin-mut-yang-mut-h29,cellule,par2-yin-mut-yang-mut-h29.png,https://anibal-amiot.com/assets/motifs-pinterest/encre-creme/cellule/par2-yin-mut-yang-mut-h29.png,https://anibal-amiot.com/motifs/par2-yin-mut-yang-mut-h29.html
248,a_programmer,2026-12-01T17:00,par2-yin-mut-yang-mut-h29,pavage-2x3-decale,par2-yin-mut-yang-mut-h29.png,https://anibal-amiot.com/assets/motifs-pinterest/encre-creme/pavage-2x3-decale/par2-yin-mut-yang-mut-h29.png,https://anibal-amiot.com/motifs/par2-yin-mut-yang-mut-h29.html
249,a_programmer,2026-12-02T08:00,par2-yin-mut-yang-mut-h30,cellule,par2-yin-mut-yang-mut-h30.png,https://anibal-amiot.com/assets/motifs-pinterest/encre-creme/cellule/par2-yin-mut-yang-mut-h30.png,https://anibal-amiot.com/motifs/par2-yin-mut-yang-mut-h30.html
250,a_programmer,2026-12-02T11:00,par2-yin-mut-yang-mut-h30,pavage-2x3-decale,par2-yin-mut-yang-mut-h30.png,https://anibal-amiot.com/assets/motifs-pinterest/encre-creme/pavage-2x3-decale/par2-yin-mut-yang-mut-h30.png,https://anibal-amiot.com/motifs/par2-yin-mut-yang-mut-h30.html
251,a_programmer,2026-12-02T14:00,par2-yin-mut-yang-mut-h31,cellule,par2-yin-mut-yang-mut-h31.png,https://anibal-amiot.com/assets/motifs-pinterest/encre-creme/cellule/par2-yin-mut-yang-mut-h31.png,https://anibal-amiot.com/motifs/par2-yin-mut-yang-mut-h31.html
252,a_programmer,2026-12-02T17:00,par2-yin-mut-yang-mut-h31,pavage-2x3-decale,par2-yin-mut-yang-mut-h31.png,https://anibal-amiot.com/assets/motifs-pinterest/encre-creme/pavage-2x3-decale/par2-yin-mut-yang-mut-h31.png,https://anibal-amiot.com/motifs/par2-yin-mut-yang-mut-h31.html
253,a_programmer,2026-12-03T08:00,par2-yin-yang-h1,cellule,par2-yin-yang-h1.png,https://anibal-amiot.com/assets/motifs-pinterest/encre-creme/cellule/par2-yin-yang-h1.png,https://anibal-amiot.com/motifs/par2-yin-yang-h1.html
254,a_programmer,2026-12-03T11:00,par2-yin-yang-h1,pavage-2x3-decale,par2-yin-yang-h1.png,https://anibal-amiot.com/assets/motifs-pinterest/encre-creme/pavage-2x3-decale/par2-yin-yang-h1.png,https://anibal-amiot.com/motifs/par2-yin-yang-h1.html
255,a_programmer,2026-12-03T14:00,par2-yin-yang-h2,cellule,par2-yin-yang-h2.png,https://anibal-amiot.com/assets/motifs-pinterest/encre-creme/cellule/par2-yin-yang-h2.png,https://anibal-amiot.com/motifs/par2-yin-yang-h2.html
256,a_programmer,2026-12-03T17:00,par2-yin-yang-h2,pavage-2x3-decale,par2-yin-yang-h2.png,https://anibal-amiot.com/assets/motifs-pinterest/encre-creme/pavage-2x3-decale/par2-yin-yang-h2.png,https://anibal-amiot.com/motifs/par2-yin-yang-h2.html
257,a_programmer,2026-12-04T08:00,par2-yin-yang-h3,cellule,par2-yin-yang-h3.png,https://anibal-amiot.com/assets/motifs-pinterest/encre-creme/cellule/par2-yin-yang-h3.png,https://anibal-amiot.com/motifs/par2-yin-yang-h3.html
258,a_programmer,2026-12-04T11:00,par2-yin-yang-h3,pavage-2x3-decale,par2-yin-yang-h3.png,https://anibal-amiot.com/assets/motifs-pinterest/encre-creme/pavage-2x3-decale/par2-yin-yang-h3.png,https://anibal-amiot.com/motifs/par2-yin-yang-h3.html
259,a_programmer,2026-12-04T14:00,par2-yin-yang-h4,cellule,par2-yin-yang-h4.png,https://anibal-amiot.com/assets/motifs-pinterest/encre-creme/cellule/par2-yin-yang-h4.png,https://anibal-amiot.com/motifs/par2-yin-yang-h4.html
260,a_programmer,2026-12-04T17:00,par2-yin-yang-h4,pavage-2x3-decale,par2-yin-yang-h4.png,https://anibal-amiot.com/assets/motifs-pinterest/encre-creme/pavage-2x3-decale/par2-yin-yang-h4.png,https://anibal-amiot.com/motifs/par2-yin-yang-h4.html
261,a_programmer,2026-12-05T08:00,par2-yin-yang-h5,cellule,par2-yin-yang-h5.png,https://anibal-amiot.com/assets/motifs-pinterest/encre-creme/cellule/par2-yin-yang-h5.png,https://anibal-amiot.com/motifs/par2-yin-yang-h5.html
262,a_programmer,2026-12-05T11:00,par2-yin-yang-h5,pavage-2x3-decale,par2-yin-yang-h5.png,https://anibal-amiot.com/assets/motifs-pinterest/encre-creme/pavage-2x3-decale/par2-yin-yang-h5.png,https://anibal-amiot.com/motifs/par2-yin-yang-h5.html
263,a_programmer,2026-12-05T14:00,par2-yin-yang-h6,cellule,par2-yin-yang-h6.png,https://anibal-amiot.com/assets/motifs-pinterest/encre-creme/cellule/par2-yin-yang-h6.png,https://anibal-amiot.com/motifs/par2-yin-yang-h6.html
264,a_programmer,2026-12-05T17:00,par2-yin-yang-h6,pavage-2x3-decale,par2-yin-yang-h6.png,https://anibal-amiot.com/assets/motifs-pinterest/encre-creme/pavage-2x3-decale/par2-yin-yang-h6.png,https://anibal-amiot.com/motifs/par2-yin-yang-h6.html
265,a_programmer,2026-12-06T08:00,par2-yin-yang-h8,cellule,par2-yin-yang-h8.png,https://anibal-amiot.com/assets/motifs-pinterest/encre-creme/cellule/par2-yin-yang-h8.png,https://anibal-amiot.com/motifs/par2-yin-yang-h8.html
266,a_programmer,2026-12-06T11:00,par2-yin-yang-h8,pavage-2x3-decale,par2-yin-yang-h8.png,https://anibal-amiot.com/assets/motifs-pinterest/encre-creme/pavage-2x3-decale/par2-yin-yang-h8.png,https://anibal-amiot.com/motifs/par2-yin-yang-h8.html
267,a_programmer,2026-12-06T14:00,par2-yin-yang-h9,cellule,par2-yin-yang-h9.png,https://anibal-amiot.com/assets/motifs-pinterest/encre-creme/cellule/par2-yin-yang-h9.png,https://anibal-amiot.com/motifs/par2-yin-yang-h9.html
268,a_programmer,2026-12-06T17:00,par2-yin-yang-h9,pavage-2x3-decale,par2-yin-yang-h9.png,https://anibal-amiot.com/assets/motifs-pinterest/encre-creme/pavage-2x3-decale/par2-yin-yang-h9.png,https://anibal-amiot.com/motifs/par2-yin-yang-h9.html
269,a_programmer,2026-12-07T08:00,par2-yin-yang-h10,cellule,par2-yin-yang-h10.png,https://anibal-amiot.com/assets/motifs-pinterest/encre-creme/cellule/par2-yin-yang-h10.png,https://anibal-amiot.com/motifs/par2-yin-yang-h10.html
270,a_programmer,2026-12-07T11:00,par2-yin-yang-h10,pavage-2x3-decale,par2-yin-yang-h10.png,https://anibal-amiot.com/assets/motifs-pinterest/encre-creme/pavage-2x3-decale/par2-yin-yang-h10.png,https://anibal-amiot.com/motifs/par2-yin-yang-h10.html
271,a_programmer,2026-12-07T14:00,par2-yin-yang-h11,cellule,par2-yin-yang-h11.png,https://anibal-amiot.com/assets/motifs-pinterest/encre-creme/cellule/par2-yin-yang-h11.png,https://anibal-amiot.com/motifs/par2-yin-yang-h11.html
272,a_programmer,2026-12-07T17:00,par2-yin-yang-h11,pavage-2x3-decale,par2-yin-yang-h11.png,https://anibal-amiot.com/assets/motifs-pinterest/encre-creme/pavage-2x3-decale/par2-yin-yang-h11.png,https://anibal-amiot.com/motifs/par2-yin-yang-h11.html
273,a_programmer,2026-12-08T08:00,par2-yin-yang-h12,cellule,par2-yin-yang-h12.png,https://anibal-amiot.com/assets/motifs-pinterest/encre-creme/cellule/par2-yin-yang-h12.png,https://anibal-amiot.com/motifs/par2-yin-yang-h12.html
274,a_programmer,2026-12-08T11:00,par2-yin-yang-h12,pavage-2x3-decale,par2-yin-yang-h12.png,https://anibal-amiot.com/assets/motifs-pinterest/encre-creme/pavage-2x3-decale/par2-yin-yang-h12.png,https://anibal-amiot.com/motifs/par2-yin-yang-h12.html
275,a_programmer,2026-12-08T14:00,par2-yin-yang-h13,cellule,par2-yin-yang-h13.png,https://anibal-amiot.com/assets/motifs-pinterest/encre-creme/cellule/par2-yin-yang-h13.png,https://anibal-amiot.com/motifs/par2-yin-yang-h13.html
276,a_programmer,2026-12-08T17:00,par2-yin-yang-h13,pavage-2x3-decale,par2-yin-yang-h13.png,https://anibal-amiot.com/assets/motifs-pinterest/encre-creme/pavage-2x3-decale/par2-yin-yang-h13.png,https://anibal-amiot.com/motifs/par2-yin-yang-h13.html
277,a_programmer,2026-12-09T08:00,par2-yin-yang-h14,cellule,par2-yin-yang-h14.png,https://anibal-amiot.com/assets/motifs-pinterest/encre-creme/cellule/par2-yin-yang-h14.png,https://anibal-amiot.com/motifs/par2-yin-yang-h14.html
278,a_programmer,2026-12-09T11:00,par2-yin-yang-h14,pavage-2x3-decale,par2-yin-yang-h14.png,https://anibal-amiot.com/assets/motifs-pinterest/encre-creme/pavage-2x3-decale/par2-yin-yang-h14.png,https://anibal-amiot.com/motifs/par2-yin-yang-h14.html
279,a_programmer,2026-12-09T14:00,par2-yin-yang-h15,cellule,par2-yin-yang-h15.png,https://anibal-amiot.com/assets/motifs-pinterest/encre-creme/cellule/par2-yin-yang-h15.png,https://anibal-amiot.com/motifs/par2-yin-yang-h15.html
280,a_programmer,2026-12-09T17:00,par2-yin-yang-h15,pavage-2x3-decale,par2-yin-yang-h15.png,https://anibal-amiot.com/assets/motifs-pinterest/encre-creme/pavage-2x3-decale/par2-yin-yang-h15.png,https://anibal-amiot.com/motifs/par2-yin-yang-h15.html
281,a_programmer,2026-12-10T08:00,par2-yin-yang-h16,cellule,par2-yin-yang-h16.png,https://anibal-amiot.com/assets/motifs-pinterest/encre-creme/cellule/par2-yin-yang-h16.png,https://anibal-amiot.com/motifs/par2-yin-yang-h16.html
282,a_programmer,2026-12-10T11:00,par2-yin-yang-h16,pavage-2x3-decale,par2-yin-yang-h16.png,https://anibal-amiot.com/assets/motifs-pinterest/encre-creme/pavage-2x3-decale/par2-yin-yang-h16.png,https://anibal-amiot.com/motifs/par2-yin-yang-h16.html
283,a_programmer,2026-12-10T14:00,par2-yin-yang-h17,cellule,par2-yin-yang-h17.png,https://anibal-amiot.com/assets/motifs-pinterest/encre-creme/cellule/par2-yin-yang-h17.png,https://anibal-amiot.com/motifs/par2-yin-yang-h17.html
284,a_programmer,2026-12-10T17:00,par2-yin-yang-h17,pavage-2x3-decale,par2-yin-yang-h17.png,https://anibal-amiot.com/assets/motifs-pinterest/encre-creme/pavage-2x3-decale/par2-yin-yang-h17.png,https://anibal-amiot.com/motifs/par2-yin-yang-h17.html
285,a_programmer,2026-12-11T08:00,par2-yin-yang-h18,cellule,par2-yin-yang-h18.png,https://anibal-amiot.com/assets/motifs-pinterest/encre-creme/cellule/par2-yin-yang-h18.png,https://anibal-amiot.com/motifs/par2-yin-yang-h18.html
286,a_programmer,2026-12-11T11:00,par2-yin-yang-h18,pavage-2x3-decale,par2-yin-yang-h18.png,https://anibal-amiot.com/assets/motifs-pinterest/encre-creme/pavage-2x3-decale/par2-yin-yang-h18.png,https://anibal-amiot.com/motifs/par2-yin-yang-h18.html
287,a_programmer,2026-12-11T14:00,par2-yin-yang-h19,cellule,par2-yin-yang-h19.png,https://anibal-amiot.com/assets/motifs-pinterest/encre-creme/cellule/par2-yin-yang-h19.png,https://anibal-amiot.com/motifs/par2-yin-yang-h19.html
288,a_programmer,2026-12-11T17:00,par2-yin-yang-h19,pavage-2x3-decale,par2-yin-yang-h19.png,https://anibal-amiot.com/assets/motifs-pinterest/encre-creme/pavage-2x3-decale/par2-yin-yang-h19.png,https://anibal-amiot.com/motifs/par2-yin-yang-h19.html
289,a_programmer,2026-12-12T08:00,par2-yin-yang-h20,cellule,par2-yin-yang-h20.png,https://anibal-amiot.com/assets/motifs-pinterest/encre-creme/cellule/par2-yin-yang-h20.png,https://anibal-amiot.com/motifs/par2-yin-yang-h20.html
290,a_programmer,2026-12-12T11:00,par2-yin-yang-h20,pavage-2x3-decale,par2-yin-yang-h20.png,https://anibal-amiot.com/assets/motifs-pinterest/encre-creme/pavage-2x3-decale/par2-yin-yang-h20.png,https://anibal-amiot.com/motifs/par2-yin-yang-h20.html
291,a_programmer,2026-12-12T14:00,par2-yin-yang-h21,cellule,par2-yin-yang-h21.png,https://anibal-amiot.com/assets/motifs-pinterest/encre-creme/cellule/par2-yin-yang-h21.png,https://anibal-amiot.com/motifs/par2-yin-yang-h21.html
292,a_programmer,2026-12-12T17:00,par2-yin-yang-h21,pavage-2x3-decale,par2-yin-yang-h21.png,https://anibal-amiot.com/assets/motifs-pinterest/encre-creme/pavage-2x3-decale/par2-yin-yang-h21.png,https://anibal-amiot.com/motifs/par2-yin-yang-h21.html
293,a_programmer,2026-12-13T08:00,par2-yin-yang-h22,cellule,par2-yin-yang-h22.png,https://anibal-amiot.com/assets/motifs-pinterest/encre-creme/cellule/par2-yin-yang-h22.png,https://anibal-amiot.com/motifs/par2-yin-yang-h22.html
294,a_programmer,2026-12-13T11:00,par2-yin-yang-h22,pavage-2x3-decale,par2-yin-yang-h22.png,https://anibal-amiot.com/assets/motifs-pinterest/encre-creme/pavage-2x3-decale/par2-yin-yang-h22.png,https://anibal-amiot.com/motifs/par2-yin-yang-h22.html
295,a_programmer,2026-12-13T14:00,par2-yin-yang-h23,cellule,par2-yin-yang-h23.png,https://anibal-amiot.com/assets/motifs-pinterest/encre-creme/cellule/par2-yin-yang-h23.png,https://anibal-amiot.com/motifs/par2-yin-yang-h23.html
296,a_programmer,2026-12-13T17:00,par2-yin-yang-h23,pavage-2x3-decale,par2-yin-yang-h23.png,https://anibal-amiot.com/assets/motifs-pinterest/encre-creme/pavage-2x3-decale/par2-yin-yang-h23.png,https://anibal-amiot.com/motifs/par2-yin-yang-h23.html
297,a_programmer,2026-12-14T08:00,par2-yin-yang-h24,cellule,par2-yin-yang-h24.png,https://anibal-amiot.com/assets/motifs-pinterest/encre-creme/cellule/par2-yin-yang-h24.png,https://anibal-amiot.com/motifs/par2-yin-yang-h24.html
298,a_programmer,2026-12-14T11:00,par2-yin-yang-h24,pavage-2x3-decale,par2-yin-yang-h24.png,https://anibal-amiot.com/assets/motifs-pinterest/encre-creme/pavage-2x3-decale/par2-yin-yang-h24.png,https://anibal-amiot.com/motifs/par2-yin-yang-h24.html
299,a_programmer,2026-12-14T14:00,par2-yin-yang-h25,cellule,par2-yin-yang-h25.png,https://anibal-amiot.com/assets/motifs-pinterest/encre-creme/cellule/par2-yin-yang-h25.png,https://anibal-amiot.com/motifs/par2-yin-yang-h25.html
300,a_programmer,2026-12-14T17:00,par2-yin-yang-h25,pavage-2x3-decale,par2-yin-yang-h25.png,https://anibal-amiot.com/assets/motifs-pinterest/encre-creme/pavage-2x3-decale/par2-yin-yang-h25.png,https://anibal-amiot.com/motifs/par2-yin-yang-h25.html
301,a_programmer,2026-12-15T08:00,par2-yin-yang-h26,cellule,par2-yin-yang-h26.png,https://anibal-amiot.com/assets/motifs-pinterest/encre-creme/cellule/par2-yin-yang-h26.png,https://anibal-amiot.com/motifs/par2-yin-yang-h26.html
302,a_programmer,2026-12-15T11:00,par2-yin-yang-h26,pavage-2x3-decale,par2-yin-yang-h26.png,https://anibal-amiot.com/assets/motifs-pinterest/encre-creme/pavage-2x3-decale/par2-yin-yang-h26.png,https://anibal-amiot.com/motifs/par2-yin-yang-h26.html
303,a_programmer,2026-12-15T14:00,par2-yin-yang-h27,cellule,par2-yin-yang-h27.png,https://anibal-amiot.com/assets/motifs-pinterest/encre-creme/cellule/par2-yin-yang-h27.png,https://anibal-amiot.com/motifs/par2-yin-yang-h27.html
304,a_programmer,2026-12-15T17:00,par2-yin-yang-h27,pavage-2x3-decale,par2-yin-yang-h27.png,https://anibal-amiot.com/assets/motifs-pinterest/encre-creme/pavage-2x3-decale/par2-yin-yang-h27.png,https://anibal-amiot.com/motifs/par2-yin-yang-h27.html
305,a_programmer,2026-12-16T08:00,par2-yin-yang-h28,cellule,par2-yin-yang-h28.png,https://anibal-amiot.com/assets/motifs-pinterest/encre-creme/cellule/par2-yin-yang-h28.png,https://anibal-amiot.com/motifs/par2-yin-yang-h28.html
306,a_programmer,2026-12-16T11:00,par2-yin-yang-h28,pavage-2x3-decale,par2-yin-yang-h28.png,https://anibal-amiot.com/assets/motifs-pinterest/encre-creme/pavage-2x3-decale/par2-yin-yang-h28.png,https://anibal-amiot.com/motifs/par2-yin-yang-h28.html
307,a_programmer,2026-12-16T14:00,par2-yin-yang-h29,cellule,par2-yin-yang-h29.png,https://anibal-amiot.com/assets/motifs-pinterest/encre-creme/cellule/par2-yin-yang-h29.png,https://anibal-amiot.com/motifs/par2-yin-yang-h29.html
308,a_programmer,2026-12-16T17:00,par2-yin-yang-h29,pavage-2x3-decale,par2-yin-yang-h29.png,https://anibal-amiot.com/assets/motifs-pinterest/encre-creme/pavage-2x3-decale/par2-yin-yang-h29.png,https://anibal-amiot.com/motifs/par2-yin-yang-h29.html
309,a_programmer,2026-12-17T08:00,par2-yin-yang-h30,cellule,par2-yin-yang-h30.png,https://anibal-amiot.com/assets/motifs-pinterest/encre-creme/cellule/par2-yin-yang-h30.png,https://anibal-amiot.com/motifs/par2-yin-yang-h30.html
310,a_programmer,2026-12-17T11:00,par2-yin-yang-h30,pavage-2x3-decale,par2-yin-yang-h30.png,https://anibal-amiot.com/assets/motifs-pinterest/encre-creme/pavage-2x3-decale/par2-yin-yang-h30.png,https://anibal-amiot.com/motifs/par2-yin-yang-h30.html
311,a_programmer,2026-12-17T14:00,par2-yin-yang-h31,cellule,par2-yin-yang-h31.png,https://anibal-amiot.com/assets/motifs-pinterest/encre-creme/cellule/par2-yin-yang-h31.png,https://anibal-amiot.com/motifs/par2-yin-yang-h31.html
312,a_programmer,2026-12-17T17:00,par2-yin-yang-h31,pavage-2x3-decale,par2-yin-yang-h31.png,https://anibal-amiot.com/assets/motifs-pinterest/encre-creme/pavage-2x3-decale/par2-yin-yang-h31.png,https://anibal-amiot.com/motifs/par2-yin-yang-h31.html
313,a_programmer,2026-12-18T08:00,par2-yin-yang-mut-h1,cellule,par2-yin-yang-mut-h1.png,https://anibal-amiot.com/assets/motifs-pinterest/encre-creme/cellule/par2-yin-yang-mut-h1.png,https://anibal-amiot.com/motifs/par2-yin-yang-mut-h1.html
314,a_programmer,2026-12-18T11:00,par2-yin-yang-mut-h1,pavage-2x3-decale,par2-yin-yang-mut-h1.png,https://anibal-amiot.com/assets/motifs-pinterest/encre-creme/pavage-2x3-decale/par2-yin-yang-mut-h1.png,https://anibal-amiot.com/motifs/par2-yin-yang-mut-h1.html
315,a_programmer,2026-12-18T14:00,par2-yin-yang-mut-h2,cellule,par2-yin-yang-mut-h2.png,https://anibal-amiot.com/assets/motifs-pinterest/encre-creme/cellule/par2-yin-yang-mut-h2.png,https://anibal-amiot.com/motifs/par2-yin-yang-mut-h2.html
316,a_programmer,2026-12-18T17:00,par2-yin-yang-mut-h2,pavage-2x3-decale,par2-yin-yang-mut-h2.png,https://anibal-amiot.com/assets/motifs-pinterest/encre-creme/pavage-2x3-decale/par2-yin-yang-mut-h2.png,https://anibal-amiot.com/motifs/par2-yin-yang-mut-h2.html
317,a_programmer,2026-12-19T08:00,par2-yin-yang-mut-h3,cellule,par2-yin-yang-mut-h3.png,https://anibal-amiot.com/assets/motifs-pinterest/encre-creme/cellule/par2-yin-yang-mut-h3.png,https://anibal-amiot.com/motifs/par2-yin-yang-mut-h3.html
318,a_programmer,2026-12-19T11:00,par2-yin-yang-mut-h3,pavage-2x3-decale,par2-yin-yang-mut-h3.png,https://anibal-amiot.com/assets/motifs-pinterest/encre-creme/pavage-2x3-decale/par2-yin-yang-mut-h3.png,https://anibal-amiot.com/motifs/par2-yin-yang-mut-h3.html
319,a_programmer,2026-12-19T14:00,par2-yin-yang-mut-h4,cellule,par2-yin-yang-mut-h4.png,https://anibal-amiot.com/assets/motifs-pinterest/encre-creme/cellule/par2-yin-yang-mut-h4.png,https://anibal-amiot.com/motifs/par2-yin-yang-mut-h4.html
320,a_programmer,2026-12-19T17:00,par2-yin-yang-mut-h4,pavage-2x3-decale,par2-yin-yang-mut-h4.png,https://anibal-amiot.com/assets/motifs-pinterest/encre-creme/pavage-2x3-decale/par2-yin-yang-mut-h4.png,https://anibal-amiot.com/motifs/par2-yin-yang-mut-h4.html
321,a_programmer,2026-12-20T08:00,par2-yin-yang-mut-h5,cellule,par2-yin-yang-mut-h5.png,https://anibal-amiot.com/assets/motifs-pinterest/encre-creme/cellule/par2-yin-yang-mut-h5.png,https://anibal-amiot.com/motifs/par2-yin-yang-mut-h5.html
322,a_programmer,2026-12-20T11:00,par2-yin-yang-mut-h5,pavage-2x3-decale,par2-yin-yang-mut-h5.png,https://anibal-amiot.com/assets/motifs-pinterest/encre-creme/pavage-2x3-decale/par2-yin-yang-mut-h5.png,https://anibal-amiot.com/motifs/par2-yin-yang-mut-h5.html
323,a_programmer,2026-12-20T14:00,par2-yin-yang-mut-h6,cellule,par2-yin-yang-mut-h6.png,https://anibal-amiot.com/assets/motifs-pinterest/encre-creme/cellule/par2-yin-yang-mut-h6.png,https://anibal-amiot.com/motifs/par2-yin-yang-mut-h6.html
324,a_programmer,2026-12-20T17:00,par2-yin-yang-mut-h6,pavage-2x3-decale,par2-yin-yang-mut-h6.png,https://anibal-amiot.com/assets/motifs-pinterest/encre-creme/pavage-2x3-decale/par2-yin-yang-mut-h6.png,https://anibal-amiot.com/motifs/par2-yin-yang-mut-h6.html
325,a_programmer,2026-12-21T08:00,par2-yin-yang-mut-h7,cellule,par2-yin-yang-mut-h7.png,https://anibal-amiot.com/assets/motifs-pinterest/encre-creme/cellule/par2-yin-yang-mut-h7.png,https://anibal-amiot.com/motifs/par2-yin-yang-mut-h7.html
326,a_programmer,2026-12-21T11:00,par2-yin-yang-mut-h7,pavage-2x3-decale,par2-yin-yang-mut-h7.png,https://anibal-amiot.com/assets/motifs-pinterest/encre-creme/pavage-2x3-decale/par2-yin-yang-mut-h7.png,https://anibal-amiot.com/motifs/par2-yin-yang-mut-h7.html
327,a_programmer,2026-12-21T14:00,par2-yin-yang-mut-h8,cellule,par2-yin-yang-mut-h8.png,https://anibal-amiot.com/assets/motifs-pinterest/encre-creme/cellule/par2-yin-yang-mut-h8.png,https://anibal-amiot.com/motifs/par2-yin-yang-mut-h8.html
328,a_programmer,2026-12-21T17:00,par2-yin-yang-mut-h8,pavage-2x3-decale,par2-yin-yang-mut-h8.png,https://anibal-amiot.com/assets/motifs-pinterest/encre-creme/pavage-2x3-decale/par2-yin-yang-mut-h8.png,https://anibal-amiot.com/motifs/par2-yin-yang-mut-h8.html
329,a_programmer,2026-12-22T08:00,par2-yin-yang-mut-h9,cellule,par2-yin-yang-mut-h9.png,https://anibal-amiot.com/assets/motifs-pinterest/encre-creme/cellule/par2-yin-yang-mut-h9.png,https://anibal-amiot.com/motifs/par2-yin-yang-mut-h9.html
330,a_programmer,2026-12-22T11:00,par2-yin-yang-mut-h9,pavage-2x3-decale,par2-yin-yang-mut-h9.png,https://anibal-amiot.com/assets/motifs-pinterest/encre-creme/pavage-2x3-decale/par2-yin-yang-mut-h9.png,https://anibal-amiot.com/motifs/par2-yin-yang-mut-h9.html
331,a_programmer,2026-12-22T14:00,par2-yin-yang-mut-h10,cellule,par2-yin-yang-mut-h10.png,https://anibal-amiot.com/assets/motifs-pinterest/encre-creme/cellule/par2-yin-yang-mut-h10.png,https://anibal-amiot.com/motifs/par2-yin-yang-mut-h10.html
332,a_programmer,2026-12-22T17:00,par2-yin-yang-mut-h10,pavage-2x3-decale,par2-yin-yang-mut-h10.png,https://anibal-amiot.com/assets/motifs-pinterest/encre-creme/pavage-2x3-decale/par2-yin-yang-mut-h10.png,https://anibal-amiot.com/motifs/par2-yin-yang-mut-h10.html
333,a_programmer,2026-12-23T08:00,par2-yin-yang-mut-h11,cellule,par2-yin-yang-mut-h11.png,https://anibal-amiot.com/assets/motifs-pinterest/encre-creme/cellule/par2-yin-yang-mut-h11.png,https://anibal-amiot.com/motifs/par2-yin-yang-mut-h11.html
334,a_programmer,2026-12-23T11:00,par2-yin-yang-mut-h11,pavage-2x3-decale,par2-yin-yang-mut-h11.png,https://anibal-amiot.com/assets/motifs-pinterest/encre-creme/pavage-2x3-decale/par2-yin-yang-mut-h11.png,https://anibal-amiot.com/motifs/par2-yin-yang-mut-h11.html
335,a_programmer,2026-12-23T14:00,par2-yin-yang-mut-h12,cellule,par2-yin-yang-mut-h12.png,https://anibal-amiot.com/assets/motifs-pinterest/encre-creme/cellule/par2-yin-yang-mut-h12.png,https://anibal-amiot.com/motifs/par2-yin-yang-mut-h12.html
336,a_programmer,2026-12-23T17:00,par2-yin-yang-mut-h12,pavage-2x3-decale,par2-yin-yang-mut-h12.png,https://anibal-amiot.com/assets/motifs-pinterest/encre-creme/pavage-2x3-decale/par2-yin-yang-mut-h12.png,https://anibal-amiot.com/motifs/par2-yin-yang-mut-h12.html
337,a_programmer,2026-12-24T08:00,par2-yin-yang-mut-h13,cellule,par2-yin-yang-mut-h13.png,https://anibal-amiot.com/assets/motifs-pinterest/encre-creme/cellule/par2-yin-yang-mut-h13.png,https://anibal-amiot.com/motifs/par2-yin-yang-mut-h13.html
338,a_programmer,2026-12-24T11:00,par2-yin-yang-mut-h13,pavage-2x3-decale,par2-yin-yang-mut-h13.png,https://anibal-amiot.com/assets/motifs-pinterest/encre-creme/pavage-2x3-decale/par2-yin-yang-mut-h13.png,https://anibal-amiot.com/motifs/par2-yin-yang-mut-h13.html
339,a_programmer,2026-12-24T14:00,par2-yin-yang-mut-h14,cellule,par2-yin-yang-mut-h14.png,https://anibal-amiot.com/assets/motifs-pinterest/encre-creme/cellule/par2-yin-yang-mut-h14.png,https://anibal-amiot.com/motifs/par2-yin-yang-mut-h14.html
340,a_programmer,2026-12-24T17:00,par2-yin-yang-mut-h14,pavage-2x3-decale,par2-yin-yang-mut-h14.png,https://anibal-amiot.com/assets/motifs-pinterest/encre-creme/pavage-2x3-decale/par2-yin-yang-mut-h14.png,https://anibal-amiot.com/motifs/par2-yin-yang-mut-h14.html
341,a_programmer,2026-12-25T08:00,par2-yin-yang-mut-h15,cellule,par2-yin-yang-mut-h15.png,https://anibal-amiot.com/assets/motifs-pinterest/encre-creme/cellule/par2-yin-yang-mut-h15.png,https://anibal-amiot.com/motifs/par2-yin-yang-mut-h15.html
342,a_programmer,2026-12-25T11:00,par2-yin-yang-mut-h15,pavage-2x3-decale,par2-yin-yang-mut-h15.png,https://anibal-amiot.com/assets/motifs-pinterest/encre-creme/pavage-2x3-decale/par2-yin-yang-mut-h15.png,https://anibal-amiot.com/motifs/par2-yin-yang-mut-h15.html
343,a_programmer,2026-12-25T14:00,par2-yin-yang-mut-h16,cellule,par2-yin-yang-mut-h16.png,https://anibal-amiot.com/assets/motifs-pinterest/encre-creme/cellule/par2-yin-yang-mut-h16.png,https://anibal-amiot.com/motifs/par2-yin-yang-mut-h16.html
344,a_programmer,2026-12-25T17:00,par2-yin-yang-mut-h16,pavage-2x3-decale,par2-yin-yang-mut-h16.png,https://anibal-amiot.com/assets/motifs-pinterest/encre-creme/pavage-2x3-decale/par2-yin-yang-mut-h16.png,https://anibal-amiot.com/motifs/par2-yin-yang-mut-h16.html
345,a_programmer,2026-12-26T08:00,par2-yin-yang-mut-h17,cellule,par2-yin-yang-mut-h17.png,https://anibal-amiot.com/assets/motifs-pinterest/encre-creme/cellule/par2-yin-yang-mut-h17.png,https://anibal-amiot.com/motifs/par2-yin-yang-mut-h17.html
346,a_programmer,2026-12-26T11:00,par2-yin-yang-mut-h17,pavage-2x3-decale,par2-yin-yang-mut-h17.png,https://anibal-amiot.com/assets/motifs-pinterest/encre-creme/pavage-2x3-decale/par2-yin-yang-mut-h17.png,https://anibal-amiot.com/motifs/par2-yin-yang-mut-h17.html
347,a_programmer,2026-12-26T14:00,par2-yin-yang-mut-h18,cellule,par2-yin-yang-mut-h18.png,https://anibal-amiot.com/assets/motifs-pinterest/encre-creme/cellule/par2-yin-yang-mut-h18.png,https://anibal-amiot.com/motifs/par2-yin-yang-mut-h18.html
348,a_programmer,2026-12-26T17:00,par2-yin-yang-mut-h18,pavage-2x3-decale,par2-yin-yang-mut-h18.png,https://anibal-amiot.com/assets/motifs-pinterest/encre-creme/pavage-2x3-decale/par2-yin-yang-mut-h18.png,https://anibal-amiot.com/motifs/par2-yin-yang-mut-h18.html
349,a_programmer,2026-12-27T08:00,par2-yin-yang-mut-h19,cellule,par2-yin-yang-mut-h19.png,https://anibal-amiot.com/assets/motifs-pinterest/encre-creme/cellule/par2-yin-yang-mut-h19.png,https://anibal-amiot.com/motifs/par2-yin-yang-mut-h19.html
350,a_programmer,2026-12-27T11:00,par2-yin-yang-mut-h19,pavage-2x3-decale,par2-yin-yang-mut-h19.png,https://anibal-amiot.com/assets/motifs-pinterest/encre-creme/pavage-2x3-decale/par2-yin-yang-mut-h19.png,https://anibal-amiot.com/motifs/par2-yin-yang-mut-h19.html
351,a_programmer,2026-12-27T14:00,par2-yin-yang-mut-h20,cellule,par2-yin-yang-mut-h20.png,https://anibal-amiot.com/assets/motifs-pinterest/encre-creme/cellule/par2-yin-yang-mut-h20.png,https://anibal-amiot.com/motifs/par2-yin-yang-mut-h20.html
352,a_programmer,2026-12-27T17:00,par2-yin-yang-mut-h20,pavage-2x3-decale,par2-yin-yang-mut-h20.png,https://anibal-amiot.com/assets/motifs-pinterest/encre-creme/pavage-2x3-decale/par2-yin-yang-mut-h20.png,https://anibal-amiot.com/motifs/par2-yin-yang-mut-h20.html
353,a_programmer,2026-12-28T08:00,par2-yin-yang-mut-h21,cellule,par2-yin-yang-mut-h21.png,https://anibal-amiot.com/assets/motifs-pinterest/encre-creme/cellule/par2-yin-yang-mut-h21.png,https://anibal-amiot.com/motifs/par2-yin-yang-mut-h21.html
354,a_programmer,2026-12-28T11:00,par2-yin-yang-mut-h21,pavage-2x3-decale,par2-yin-yang-mut-h21.png,https://anibal-amiot.com/assets/motifs-pinterest/encre-creme/pavage-2x3-decale/par2-yin-yang-mut-h21.png,https://anibal-amiot.com/motifs/par2-yin-yang-mut-h21.html
355,a_programmer,2026-12-28T14:00,par2-yin-yang-mut-h22,cellule,par2-yin-yang-mut-h22.png,https://anibal-amiot.com/assets/motifs-pinterest/encre-creme/cellule/par2-yin-yang-mut-h22.png,https://anibal-amiot.com/motifs/par2-yin-yang-mut-h22.html
356,a_programmer,2026-12-28T17:00,par2-yin-yang-mut-h22,pavage-2x3-decale,par2-yin-yang-mut-h22.png,https://anibal-amiot.com/assets/motifs-pinterest/encre-creme/pavage-2x3-decale/par2-yin-yang-mut-h22.png,https://anibal-amiot.com/motifs/par2-yin-yang-mut-h22.html
357,a_programmer,2026-12-29T08:00,par2-yin-yang-mut-h23,cellule,par2-yin-yang-mut-h23.png,https://anibal-amiot.com/assets/motifs-pinterest/encre-creme/cellule/par2-yin-yang-mut-h23.png,https://anibal-amiot.com/motifs/par2-yin-yang-mut-h23.html
358,a_programmer,2026-12-29T11:00,par2-yin-yang-mut-h23,pavage-2x3-decale,par2-yin-yang-mut-h23.png,https://anibal-amiot.com/assets/motifs-pinterest/encre-creme/pavage-2x3-decale/par2-yin-yang-mut-h23.png,https://anibal-amiot.com/motifs/par2-yin-yang-mut-h23.html
359,a_programmer,2026-12-29T14:00,par2-yin-yang-mut-h24,cellule,par2-yin-yang-mut-h24.png,https://anibal-amiot.com/assets/motifs-pinterest/encre-creme/cellule/par2-yin-yang-mut-h24.png,https://anibal-amiot.com/motifs/par2-yin-yang-mut-h24.html
360,a_programmer,2026-12-29T17:00,par2-yin-yang-mut-h24,pavage-2x3-decale,par2-yin-yang-mut-h24.png,https://anibal-amiot.com/assets/motifs-pinterest/encre-creme/pavage-2x3-decale/par2-yin-yang-mut-h24.png,https://anibal-amiot.com/motifs/par2-yin-yang-mut-h24.html
361,a_programmer,2026-12-30T08:00,par2-yin-yang-mut-h25,cellule,par2-yin-yang-mut-h25.png,https://anibal-amiot.com/assets/motifs-pinterest/encre-creme/cellule/par2-yin-yang-mut-h25.png,https://anibal-amiot.com/motifs/par2-yin-yang-mut-h25.html
362,a_programmer,2026-12-30T11:00,par2-yin-yang-mut-h25,pavage-2x3-decale,par2-yin-yang-mut-h25.png,https://anibal-amiot.com/assets/motifs-pinterest/encre-creme/pavage-2x3-decale/par2-yin-yang-mut-h25.png,https://anibal-amiot.com/motifs/par2-yin-yang-mut-h25.html
363,a_programmer,2026-12-30T14:00,par2-yin-yang-mut-h26,cellule,par2-yin-yang-mut-h26.png,https://anibal-amiot.com/assets/motifs-pinterest/encre-creme/cellule/par2-yin-yang-mut-h26.png,https://anibal-amiot.com/motifs/par2-yin-yang-mut-h26.html
364,a_programmer,2026-12-30T17:00,par2-yin-yang-mut-h26,pavage-2x3-decale,par2-yin-yang-mut-h26.png,https://anibal-amiot.com/assets/motifs-pinterest/encre-creme/pavage-2x3-decale/par2-yin-yang-mut-h26.png,https://anibal-amiot.com/motifs/par2-yin-yang-mut-h26.html
365,a_programmer,2026-12-31T08:00,par2-yin-yang-mut-h27,cellule,par2-yin-yang-mut-h27.png,https://anibal-amiot.com/assets/motifs-pinterest/encre-creme/cellule/par2-yin-yang-mut-h27.png,https://anibal-amiot.com/motifs/par2-yin-yang-mut-h27.html
366,a_programmer,2026-12-31T11:00,par2-yin-yang-mut-h27,pavage-2x3-decale,par2-yin-yang-mut-h27.png,https://anibal-amiot.com/assets/motifs-pinterest/encre-creme/pavage-2x3-decale/par2-yin-yang-mut-h27.png,https://anibal-amiot.com/motifs/par2-yin-yang-mut-h27.html
367,a_programmer,2026-12-31T14:00,par2-yin-yang-mut-h28,cellule,par2-yin-yang-mut-h28.png,https://anibal-amiot.com/assets/motifs-pinterest/encre-creme/cellule/par2-yin-yang-mut-h28.png,https://anibal-amiot.com/motifs/par2-yin-yang-mut-h28.html
368,a_programmer,2026-12-31T17:00,par2-yin-yang-mut-h28,pavage-2x3-decale,par2-yin-yang-mut-h28.png,https://anibal-amiot.com/assets/motifs-pinterest/encre-creme/pavage-2x3-decale/par2-yin-yang-mut-h28.png,https://anibal-amiot.com/motifs/par2-yin-yang-mut-h28.html
369,a_programmer,2027-01-01T08:00,par2-yin-yang-mut-h29,cellule,par2-yin-yang-mut-h29.png,https://anibal-amiot.com/assets/motifs-pinterest/encre-creme/cellule/par2-yin-yang-mut-h29.png,https://anibal-amiot.com/motifs/par2-yin-yang-mut-h29.html
370,a_programmer,2027-01-01T11:00,par2-yin-yang-mut-h29,pavage-2x3-decale,par2-yin-yang-mut-h29.png,https://anibal-amiot.com/assets/motifs-pinterest/encre-creme/pavage-2x3-decale/par2-yin-yang-mut-h29.png,https://anibal-amiot.com/motifs/par2-yin-yang-mut-h29.html
371,a_programmer,2027-01-01T14:00,par2-yin-yang-mut-h30,cellule,par2-yin-yang-mut-h30.png,https://anibal-amiot.com/assets/motifs-pinterest/encre-creme/cellule/par2-yin-yang-mut-h30.png,https://anibal-amiot.com/motifs/par2-yin-yang-mut-h30.html
372,a_programmer,2027-01-01T17:00,par2-yin-yang-mut-h30,pavage-2x3-decale,par2-yin-yang-mut-h30.png,https://anibal-amiot.com/assets/motifs-pinterest/encre-creme/pavage-2x3-decale/par2-yin-yang-mut-h30.png,https://anibal-amiot.com/motifs/par2-yin-yang-mut-h30.html
373,a_programmer,2027-01-02T08:00,par2-yin-yang-mut-h31,cellule,par2-yin-yang-mut-h31.png,https://anibal-amiot.com/assets/motifs-pinterest/encre-creme/cellule/par2-yin-yang-mut-h31.png,https://anibal-amiot.com/motifs/par2-yin-yang-mut-h31.html
374,a_programmer,2027-01-02T11:00,par2-yin-yang-mut-h31,pavage-2x3-decale,par2-yin-yang-mut-h31.png,https://anibal-amiot.com/assets/motifs-pinterest/encre-creme/pavage-2x3-decale/par2-yin-yang-mut-h31.png,https://anibal-amiot.com/motifs/par2-yin-yang-mut-h31.html
375,a_programmer,2027-01-02T14:00,par3-sans-yang-h1,cellule,par3-sans-yang-h1.png,https://anibal-amiot.com/assets/motifs-pinterest/encre-creme/cellule/par3-sans-yang-h1.png,https://anibal-amiot.com/motifs/par3-sans-yang-h1.html
376,a_programmer,2027-01-02T17:00,par3-sans-yang-h1,pavage-2x3-decale,par3-sans-yang-h1.png,https://anibal-amiot.com/assets/motifs-pinterest/encre-creme/pavage-2x3-decale/par3-sans-yang-h1.png,https://anibal-amiot.com/motifs/par3-sans-yang-h1.html
377,a_programmer,2027-01-03T08:00,par3-sans-yang-h2,cellule,par3-sans-yang-h2.png,https://anibal-amiot.com/assets/motifs-pinterest/encre-creme/cellule/par3-sans-yang-h2.png,https://anibal-amiot.com/motifs/par3-sans-yang-h2.html
378,a_programmer,2027-01-03T11:00,par3-sans-yang-h2,pavage-2x3-decale,par3-sans-yang-h2.png,https://anibal-amiot.com/assets/motifs-pinterest/encre-creme/pavage-2x3-decale/par3-sans-yang-h2.png,https://anibal-amiot.com/motifs/par3-sans-yang-h2.html
379,a_programmer,2027-01-03T14:00,par3-sans-yang-h3,cellule,par3-sans-yang-h3.png,https://anibal-amiot.com/assets/motifs-pinterest/encre-creme/cellule/par3-sans-yang-h3.png,https://anibal-amiot.com/motifs/par3-sans-yang-h3.html
380,a_programmer,2027-01-03T17:00,par3-sans-yang-h3,pavage-2x3-decale,par3-sans-yang-h3.png,https://anibal-amiot.com/assets/motifs-pinterest/encre-creme/pavage-2x3-decale/par3-sans-yang-h3.png,https://anibal-amiot.com/motifs/par3-sans-yang-h3.html
381,a_programmer,2027-01-04T08:00,par3-sans-yang-h4,cellule,par3-sans-yang-h4.png,https://anibal-amiot.com/assets/motifs-pinterest/encre-creme/cellule/par3-sans-yang-h4.png,https://anibal-amiot.com/motifs/par3-sans-yang-h4.html
382,a_programmer,2027-01-04T11:00,par3-sans-yang-h4,pavage-2x3-decale,par3-sans-yang-h4.png,https://anibal-amiot.com/assets/motifs-pinterest/encre-creme/pavage-2x3-decale/par3-sans-yang-h4.png,https://anibal-amiot.com/motifs/par3-sans-yang-h4.html
383,a_programmer,2027-01-04T14:00,par3-sans-yang-h5,cellule,par3-sans-yang-h5.png,https://anibal-amiot.com/assets/motifs-pinterest/encre-creme/cellule/par3-sans-yang-h5.png,https://anibal-amiot.com/motifs/par3-sans-yang-h5.html
384,a_programmer,2027-01-04T17:00,par3-sans-yang-h5,pavage-2x3-decale,par3-sans-yang-h5.png,https://anibal-amiot.com/assets/motifs-pinterest/encre-creme/pavage-2x3-decale/par3-sans-yang-h5.png,https://anibal-amiot.com/motifs/par3-sans-yang-h5.html
385,a_programmer,2027-01-05T08:00,par3-sans-yang-h6,cellule,par3-sans-yang-h6.png,https://anibal-amiot.com/assets/motifs-pinterest/encre-creme/cellule/par3-sans-yang-h6.png,https://anibal-amiot.com/motifs/par3-sans-yang-h6.html
386,a_programmer,2027-01-05T11:00,par3-sans-yang-h6,pavage-2x3-decale,par3-sans-yang-h6.png,https://anibal-amiot.com/assets/motifs-pinterest/encre-creme/pavage-2x3-decale/par3-sans-yang-h6.png,https://anibal-amiot.com/motifs/par3-sans-yang-h6.html
387,a_programmer,2027-01-05T14:00,par3-sans-yang-h7,cellule,par3-sans-yang-h7.png,https://anibal-amiot.com/assets/motifs-pinterest/encre-creme/cellule/par3-sans-yang-h7.png,https://anibal-amiot.com/motifs/par3-sans-yang-h7.html
388,a_programmer,2027-01-05T17:00,par3-sans-yang-h7,pavage-2x3-decale,par3-sans-yang-h7.png,https://anibal-amiot.com/assets/motifs-pinterest/encre-creme/pavage-2x3-decale/par3-sans-yang-h7.png,https://anibal-amiot.com/motifs/par3-sans-yang-h7.html
389,a_programmer,2027-01-06T08:00,par3-sans-yang-h8,cellule,par3-sans-yang-h8.png,https://anibal-amiot.com/assets/motifs-pinterest/encre-creme/cellule/par3-sans-yang-h8.png,https://anibal-amiot.com/motifs/par3-sans-yang-h8.html
390,a_programmer,2027-01-06T11:00,par3-sans-yang-h8,pavage-2x3-decale,par3-sans-yang-h8.png,https://anibal-amiot.com/assets/motifs-pinterest/encre-creme/pavage-2x3-decale/par3-sans-yang-h8.png,https://anibal-amiot.com/motifs/par3-sans-yang-h8.html
391,a_programmer,2027-01-06T14:00,par3-sans-yang-h9,cellule,par3-sans-yang-h9.png,https://anibal-amiot.com/assets/motifs-pinterest/encre-creme/cellule/par3-sans-yang-h9.png,https://anibal-amiot.com/motifs/par3-sans-yang-h9.html
392,a_programmer,2027-01-06T17:00,par3-sans-yang-h9,pavage-2x3-decale,par3-sans-yang-h9.png,https://anibal-amiot.com/assets/motifs-pinterest/encre-creme/pavage-2x3-decale/par3-sans-yang-h9.png,https://anibal-amiot.com/motifs/par3-sans-yang-h9.html
393,a_programmer,2027-01-07T08:00,par3-sans-yang-h10,cellule,par3-sans-yang-h10.png,https://anibal-amiot.com/assets/motifs-pinterest/encre-creme/cellule/par3-sans-yang-h10.png,https://anibal-amiot.com/motifs/par3-sans-yang-h10.html
394,a_programmer,2027-01-07T11:00,par3-sans-yang-h10,pavage-2x3-decale,par3-sans-yang-h10.png,https://anibal-amiot.com/assets/motifs-pinterest/encre-creme/pavage-2x3-decale/par3-sans-yang-h10.png,https://anibal-amiot.com/motifs/par3-sans-yang-h10.html
395,a_programmer,2027-01-07T14:00,par3-sans-yang-h11,cellule,par3-sans-yang-h11.png,https://anibal-amiot.com/assets/motifs-pinterest/encre-creme/cellule/par3-sans-yang-h11.png,https://anibal-amiot.com/motifs/par3-sans-yang-h11.html
396,a_programmer,2027-01-07T17:00,par3-sans-yang-h11,pavage-2x3-decale,par3-sans-yang-h11.png,https://anibal-amiot.com/assets/motifs-pinterest/encre-creme/pavage-2x3-decale/par3-sans-yang-h11.png,https://anibal-amiot.com/motifs/par3-sans-yang-h11.html
397,a_programmer,2027-01-08T08:00,par3-sans-yang-h12,cellule,par3-sans-yang-h12.png,https://anibal-amiot.com/assets/motifs-pinterest/encre-creme/cellule/par3-sans-yang-h12.png,https://anibal-amiot.com/motifs/par3-sans-yang-h12.html
398,a_programmer,2027-01-08T11:00,par3-sans-yang-h12,pavage-2x3-decale,par3-sans-yang-h12.png,https://anibal-amiot.com/assets/motifs-pinterest/encre-creme/pavage-2x3-decale/par3-sans-yang-h12.png,https://anibal-amiot.com/motifs/par3-sans-yang-h12.html
399,a_programmer,2027-01-08T14:00,par3-sans-yang-h13,cellule,par3-sans-yang-h13.png,https://anibal-amiot.com/assets/motifs-pinterest/encre-creme/cellule/par3-sans-yang-h13.png,https://anibal-amiot.com/motifs/par3-sans-yang-h13.html
400,a_programmer,2027-01-08T17:00,par3-sans-yang-h13,pavage-2x3-decale,par3-sans-yang-h13.png,https://anibal-amiot.com/assets/motifs-pinterest/encre-creme/pavage-2x3-decale/par3-sans-yang-h13.png,https://anibal-amiot.com/motifs/par3-sans-yang-h13.html
401,a_programmer,2027-01-09T08:00,par3-sans-yang-h14,cellule,par3-sans-yang-h14.png,https://anibal-amiot.com/assets/motifs-pinterest/encre-creme/cellule/par3-sans-yang-h14.png,https://anibal-amiot.com/motifs/par3-sans-yang-h14.html
402,a_programmer,2027-01-09T11:00,par3-sans-yang-h14,pavage-2x3-decale,par3-sans-yang-h14.png,https://anibal-amiot.com/assets/motifs-pinterest/encre-creme/pavage-2x3-decale/par3-sans-yang-h14.png,https://anibal-amiot.com/motifs/par3-sans-yang-h14.html
403,a_programmer,2027-01-09T14:00,par3-sans-yang-h15,cellule,par3-sans-yang-h15.png,https://anibal-amiot.com/assets/motifs-pinterest/encre-creme/cellule/par3-sans-yang-h15.png,https://anibal-amiot.com/motifs/par3-sans-yang-h15.html
404,a_programmer,2027-01-09T17:00,par3-sans-yang-h15,pavage-2x3-decale,par3-sans-yang-h15.png,https://anibal-amiot.com/assets/motifs-pinterest/encre-creme/pavage-2x3-decale/par3-sans-yang-h15.png,https://anibal-amiot.com/motifs/par3-sans-yang-h15.html
405,a_programmer,2027-01-10T08:00,par3-sans-yang-h16,cellule,par3-sans-yang-h16.png,https://anibal-amiot.com/assets/motifs-pinterest/encre-creme/cellule/par3-sans-yang-h16.png,https://anibal-amiot.com/motifs/par3-sans-yang-h16.html
406,a_programmer,2027-01-10T11:00,par3-sans-yang-h16,pavage-2x3-decale,par3-sans-yang-h16.png,https://anibal-amiot.com/assets/motifs-pinterest/encre-creme/pavage-2x3-decale/par3-sans-yang-h16.png,https://anibal-amiot.com/motifs/par3-sans-yang-h16.html
407,a_programmer,2027-01-10T14:00,par3-sans-yang-h17,cellule,par3-sans-yang-h17.png,https://anibal-amiot.com/assets/motifs-pinterest/encre-creme/cellule/par3-sans-yang-h17.png,https://anibal-amiot.com/motifs/par3-sans-yang-h17.html
408,a_programmer,2027-01-10T17:00,par3-sans-yang-h17,pavage-2x3-decale,par3-sans-yang-h17.png,https://anibal-amiot.com/assets/motifs-pinterest/encre-creme/pavage-2x3-decale/par3-sans-yang-h17.png,https://anibal-amiot.com/motifs/par3-sans-yang-h17.html
409,a_programmer,2027-01-11T08:00,par3-sans-yang-h18,cellule,par3-sans-yang-h18.png,https://anibal-amiot.com/assets/motifs-pinterest/encre-creme/cellule/par3-sans-yang-h18.png,https://anibal-amiot.com/motifs/par3-sans-yang-h18.html
410,a_programmer,2027-01-11T11:00,par3-sans-yang-h18,pavage-2x3-decale,par3-sans-yang-h18.png,https://anibal-amiot.com/assets/motifs-pinterest/encre-creme/pavage-2x3-decale/par3-sans-yang-h18.png,https://anibal-amiot.com/motifs/par3-sans-yang-h18.html
411,a_programmer,2027-01-11T14:00,par3-sans-yang-h19,cellule,par3-sans-yang-h19.png,https://anibal-amiot.com/assets/motifs-pinterest/encre-creme/cellule/par3-sans-yang-h19.png,https://anibal-amiot.com/motifs/par3-sans-yang-h19.html
412,a_programmer,2027-01-11T17:00,par3-sans-yang-h19,pavage-2x3-decale,par3-sans-yang-h19.png,https://anibal-amiot.com/assets/motifs-pinterest/encre-creme/pavage-2x3-decale/par3-sans-yang-h19.png,https://anibal-amiot.com/motifs/par3-sans-yang-h19.html
413,a_programmer,2027-01-12T08:00,par3-sans-yang-h20,cellule,par3-sans-yang-h20.png,https://anibal-amiot.com/assets/motifs-pinterest/encre-creme/cellule/par3-sans-yang-h20.png,https://anibal-amiot.com/motifs/par3-sans-yang-h20.html
414,a_programmer,2027-01-12T11:00,par3-sans-yang-h20,pavage-2x3-decale,par3-sans-yang-h20.png,https://anibal-amiot.com/assets/motifs-pinterest/encre-creme/pavage-2x3-decale/par3-sans-yang-h20.png,https://anibal-amiot.com/motifs/par3-sans-yang-h20.html
415,a_programmer,2027-01-12T14:00,par3-sans-yang-h21,cellule,par3-sans-yang-h21.png,https://anibal-amiot.com/assets/motifs-pinterest/encre-creme/cellule/par3-sans-yang-h21.png,https://anibal-amiot.com/motifs/par3-sans-yang-h21.html
416,a_programmer,2027-01-12T17:00,par3-sans-yang-h21,pavage-2x3-decale,par3-sans-yang-h21.png,https://anibal-amiot.com/assets/motifs-pinterest/encre-creme/pavage-2x3-decale/par3-sans-yang-h21.png,https://anibal-amiot.com/motifs/par3-sans-yang-h21.html
417,a_programmer,2027-01-13T08:00,par3-sans-yang-h22,cellule,par3-sans-yang-h22.png,https://anibal-amiot.com/assets/motifs-pinterest/encre-creme/cellule/par3-sans-yang-h22.png,https://anibal-amiot.com/motifs/par3-sans-yang-h22.html
418,a_programmer,2027-01-13T11:00,par3-sans-yang-h22,pavage-2x3-decale,par3-sans-yang-h22.png,https://anibal-amiot.com/assets/motifs-pinterest/encre-creme/pavage-2x3-decale/par3-sans-yang-h22.png,https://anibal-amiot.com/motifs/par3-sans-yang-h22.html
419,a_programmer,2027-01-13T14:00,par3-sans-yang-h23,cellule,par3-sans-yang-h23.png,https://anibal-amiot.com/assets/motifs-pinterest/encre-creme/cellule/par3-sans-yang-h23.png,https://anibal-amiot.com/motifs/par3-sans-yang-h23.html
420,a_programmer,2027-01-13T17:00,par3-sans-yang-h23,pavage-2x3-decale,par3-sans-yang-h23.png,https://anibal-amiot.com/assets/motifs-pinterest/encre-creme/pavage-2x3-decale/par3-sans-yang-h23.png,https://anibal-amiot.com/motifs/par3-sans-yang-h23.html
421,a_programmer,2027-01-14T08:00,par3-sans-yang-h24,cellule,par3-sans-yang-h24.png,https://anibal-amiot.com/assets/motifs-pinterest/encre-creme/cellule/par3-sans-yang-h24.png,https://anibal-amiot.com/motifs/par3-sans-yang-h24.html
422,a_programmer,2027-01-14T11:00,par3-sans-yang-h24,pavage-2x3-decale,par3-sans-yang-h24.png,https://anibal-amiot.com/assets/motifs-pinterest/encre-creme/pavage-2x3-decale/par3-sans-yang-h24.png,https://anibal-amiot.com/motifs/par3-sans-yang-h24.html
423,a_programmer,2027-01-14T14:00,par3-sans-yang-h25,cellule,par3-sans-yang-h25.png,https://anibal-amiot.com/assets/motifs-pinterest/encre-creme/cellule/par3-sans-yang-h25.png,https://anibal-amiot.com/motifs/par3-sans-yang-h25.html
424,a_programmer,2027-01-14T17:00,par3-sans-yang-h25,pavage-2x3-decale,par3-sans-yang-h25.png,https://anibal-amiot.com/assets/motifs-pinterest/encre-creme/pavage-2x3-decale/par3-sans-yang-h25.png,https://anibal-amiot.com/motifs/par3-sans-yang-h25.html
425,a_programmer,2027-01-15T08:00,par3-sans-yang-h26,cellule,par3-sans-yang-h26.png,https://anibal-amiot.com/assets/motifs-pinterest/encre-creme/cellule/par3-sans-yang-h26.png,https://anibal-amiot.com/motifs/par3-sans-yang-h26.html
426,a_programmer,2027-01-15T11:00,par3-sans-yang-h26,pavage-2x3-decale,par3-sans-yang-h26.png,https://anibal-amiot.com/assets/motifs-pinterest/encre-creme/pavage-2x3-decale/par3-sans-yang-h26.png,https://anibal-amiot.com/motifs/par3-sans-yang-h26.html
427,a_programmer,2027-01-15T14:00,par3-sans-yang-h27,cellule,par3-sans-yang-h27.png,https://anibal-amiot.com/assets/motifs-pinterest/encre-creme/cellule/par3-sans-yang-h27.png,https://anibal-amiot.com/motifs/par3-sans-yang-h27.html
428,a_programmer,2027-01-15T17:00,par3-sans-yang-h27,pavage-2x3-decale,par3-sans-yang-h27.png,https://anibal-amiot.com/assets/motifs-pinterest/encre-creme/pavage-2x3-decale/par3-sans-yang-h27.png,https://anibal-amiot.com/motifs/par3-sans-yang-h27.html
429,a_programmer,2027-01-16T08:00,par3-sans-yang-h28,cellule,par3-sans-yang-h28.png,https://anibal-amiot.com/assets/motifs-pinterest/encre-creme/cellule/par3-sans-yang-h28.png,https://anibal-amiot.com/motifs/par3-sans-yang-h28.html
430,a_programmer,2027-01-16T11:00,par3-sans-yang-h28,pavage-2x3-decale,par3-sans-yang-h28.png,https://anibal-amiot.com/assets/motifs-pinterest/encre-creme/pavage-2x3-decale/par3-sans-yang-h28.png,https://anibal-amiot.com/motifs/par3-sans-yang-h28.html
431,a_programmer,2027-01-16T14:00,par3-sans-yang-h29,cellule,par3-sans-yang-h29.png,https://anibal-amiot.com/assets/motifs-pinterest/encre-creme/cellule/par3-sans-yang-h29.png,https://anibal-amiot.com/motifs/par3-sans-yang-h29.html
432,a_programmer,2027-01-16T17:00,par3-sans-yang-h29,pavage-2x3-decale,par3-sans-yang-h29.png,https://anibal-amiot.com/assets/motifs-pinterest/encre-creme/pavage-2x3-decale/par3-sans-yang-h29.png,https://anibal-amiot.com/motifs/par3-sans-yang-h29.html
433,a_programmer,2027-01-17T08:00,par3-sans-yang-h30,cellule,par3-sans-yang-h30.png,https://anibal-amiot.com/assets/motifs-pinterest/encre-creme/cellule/par3-sans-yang-h30.png,https://anibal-amiot.com/motifs/par3-sans-yang-h30.html
434,a_programmer,2027-01-17T11:00,par3-sans-yang-h30,pavage-2x3-decale,par3-sans-yang-h30.png,https://anibal-amiot.com/assets/motifs-pinterest/encre-creme/pavage-2x3-decale/par3-sans-yang-h30.png,https://anibal-amiot.com/motifs/par3-sans-yang-h30.html
435,a_programmer,2027-01-17T14:00,par3-sans-yang-h31,cellule,par3-sans-yang-h31.png,https://anibal-amiot.com/assets/motifs-pinterest/encre-creme/cellule/par3-sans-yang-h31.png,https://anibal-amiot.com/motifs/par3-sans-yang-h31.html
436,a_programmer,2027-01-17T17:00,par3-sans-yang-h31,pavage-2x3-decale,par3-sans-yang-h31.png,https://anibal-amiot.com/assets/motifs-pinterest/encre-creme/pavage-2x3-decale/par3-sans-yang-h31.png,https://anibal-amiot.com/motifs/par3-sans-yang-h31.html
